,number,datetime,overview,description,temperature,humidity,wind_speed,clouds
0,1,2019-02-22 11:00:00,Clouds,broken clouds,286.0,76.0,3.0,75.0
1,2,2019-02-22 11:00:00,Clouds,broken clouds,286.0,76.0,3.0,75.0
2,3,2019-02-22 11:00:00,Clouds,broken clouds,286.0,76.0,3.0,75.0
3,4,2019-02-22 12:00:00,Clouds,broken clouds,287.0,66.0,4.0,75.0
4,5,2019-02-25 14:30:00,Clouds,broken clouds,286.0,62.0,4.0,75.0
5,6,2019-02-25 14:30:00,Clouds,broken clouds,286.0,62.0,4.0,75.0
6,7,2019-02-25 15:00:00,Clouds,broken clouds,286.0,71.0,4.0,75.0
7,8,2019-02-25 15:30:00,Clouds,broken clouds,286.0,71.0,3.0,75.0
8,9,2019-02-25 16:00:00,Clouds,broken clouds,286.0,76.0,4.0,75.0
9,10,2019-02-25 16:30:00,Clouds,broken clouds,285.0,76.0,2.0,75.0
10,11,2019-02-25 17:48:51,Clouds,broken clouds,284.0,81.0,3.0,75.0
11,12,2019-02-25 18:23:35,Clouds,broken clouds,283.0,81.0,2.0,75.0
12,13,2019-02-25 18:53:49,Clouds,broken clouds,281.0,93.0,2.0,75.0
13,14,2019-02-25 19:22:50,Clouds,broken clouds,281.0,93.0,2.0,75.0
14,15,2019-02-25 19:48:48,Clouds,scattered clouds,281.0,87.0,2.0,40.0
15,16,2019-02-25 20:23:34,Clouds,scattered clouds,280.0,81.0,4.0,40.0
16,17,2019-02-25 20:53:46,Clouds,scattered clouds,280.0,81.0,3.0,40.0
17,18,2019-02-25 21:18:44,Clouds,scattered clouds,280.0,81.0,3.0,40.0
18,19,2019-02-25 21:48:43,Clouds,scattered clouds,279.0,70.0,3.0,40.0
19,20,2019-02-25 22:23:37,Clouds,scattered clouds,279.0,86.0,3.0,40.0
20,21,2019-02-25 22:53:37,Clouds,few clouds,279.0,93.0,1.0,20.0
21,22,2019-02-25 23:24:14,Clouds,few clouds,278.0,93.0,1.0,20.0
22,23,2019-02-25 23:48:45,Clouds,few clouds,278.0,80.0,2.0,20.0
23,24,2019-02-26 00:18:37,Clouds,few clouds,279.0,81.0,1.0,20.0
24,25,2019-02-26 00:53:38,Clouds,few clouds,278.0,86.0,1.0,20.0
25,26,2019-02-26 01:18:39,Clouds,few clouds,278.0,86.0,1.0,20.0
26,27,2019-02-26 01:52:48,Clouds,few clouds,277.0,99.0,1.0,20.0
27,28,2019-02-26 02:18:48,Clouds,few clouds,276.0,99.0,1.0,20.0
28,29,2019-02-26 02:48:35,Clouds,few clouds,276.0,99.0,2.0,20.0
29,30,2019-02-26 03:18:45,Clouds,few clouds,276.0,99.0,1.0,20.0
30,31,2019-02-26 03:52:55,Clouds,few clouds,276.0,99.0,1.0,20.0
31,32,2019-02-26 04:18:47,Clouds,few clouds,275.0,93.0,2.0,20.0
32,33,2019-02-26 04:48:46,Clouds,few clouds,275.0,99.99,2.0,20.0
33,34,2019-02-26 05:23:50,Clouds,few clouds,275.0,99.99,2.0,20.0
34,35,2019-02-26 05:48:53,Clouds,few clouds,275.0,99.99,2.0,20.0
35,36,2019-02-26 06:22:55,Clouds,few clouds,274.0,99.99,3.0,20.0
36,37,2019-02-26 06:53:33,Clouds,few clouds,274.0,99.99,2.0,20.0
37,38,2019-02-26 07:22:53,Clouds,few clouds,274.0,99.99,2.0,20.0
38,39,2019-02-26 07:48:38,Clouds,few clouds,275.0,99.99,2.0,20.0
39,40,2019-02-26 08:18:36,Clouds,few clouds,275.0,92.0,1.0,20.0
40,41,2019-02-26 08:53:54,Clouds,few clouds,277.0,99.99,2.0,20.0
41,42,2019-02-26 09:23:35,Clouds,few clouds,279.0,87.0,1.0,20.0
42,43,2019-02-26 09:52:51,Clouds,few clouds,280.0,87.0,1.0,20.0
43,44,2019-02-26 10:23:42,Clouds,few clouds,281.0,81.0,2.0,20.0
44,45,2019-02-26 10:48:36,Clouds,few clouds,283.0,76.0,2.0,20.0
45,46,2019-02-26 11:22:53,Clouds,few clouds,284.0,66.0,3.0,20.0
46,47,2019-02-26 11:53:46,Clouds,few clouds,285.0,54.0,2.0,20.0
47,48,2019-02-26 12:18:52,Clouds,few clouds,286.0,50.0,2.0,20.0
48,49,2019-02-26 12:52:48,Clouds,few clouds,287.0,47.0,3.0,20.0
49,50,2019-02-26 13:18:38,Clouds,few clouds,287.0,47.0,3.0,20.0
50,51,2019-02-26 13:48:41,Clouds,few clouds,287.0,50.0,2.0,20.0
51,52,2019-02-26 14:22:48,Clouds,few clouds,287.0,58.0,3.0,20.0
52,53,2019-02-26 14:52:47,Clouds,few clouds,288.0,62.0,4.0,20.0
53,54,2019-02-26 15:18:49,Clouds,few clouds,287.0,54.0,4.0,20.0
54,55,2019-02-26 15:53:53,Clear,clear sky,287.0,58.0,4.0,0.0
55,56,2019-02-26 16:23:32,Clear,clear sky,287.0,58.0,4.0,0.0
56,57,2019-02-26 16:48:49,Clear,clear sky,286.0,62.0,4.0,0.0
57,58,2019-02-26 17:23:01,Clear,clear sky,285.0,62.0,4.0,0.0
58,59,2019-02-26 17:53:53,Clear,clear sky,284.0,62.0,4.0,0.0
59,60,2019-02-26 18:18:43,Clear,clear sky,284.0,66.0,3.0,0.0
60,61,2019-02-26 18:53:40,Clear,clear sky,282.0,66.0,3.0,0.0
61,62,2019-02-26 19:23:47,Clear,clear sky,280.0,81.0,1.0,0.0
62,63,2019-02-26 19:48:38,Clear,clear sky,280.0,81.0,1.0,0.0
63,64,2019-02-26 20:22:50,Clear,clear sky,281.0,70.0,1.0,0.0
64,65,2019-02-26 20:53:44,Clear,clear sky,280.0,65.0,1.0,0.0
65,66,2019-02-26 21:18:40,Clear,clear sky,279.0,65.0,1.0,0.0
66,67,2019-02-26 21:52:54,Clear,clear sky,278.0,75.0,2.0,0.0
67,68,2019-02-26 22:23:38,Clear,clear sky,278.0,86.0,1.0,0.0
68,69,2019-02-26 22:53:36,Clouds,few clouds,277.0,86.0,2.0,20.0
69,70,2019-02-26 23:18:40,Clouds,few clouds,277.0,86.0,0.0,20.0
70,71,2019-02-26 23:53:48,Clouds,few clouds,276.0,86.0,1.0,20.0
71,72,2019-02-27 00:23:42,Clouds,few clouds,277.0,93.0,1.0,20.0
72,73,2019-02-27 00:48:43,Clouds,few clouds,276.0,93.0,2.0,20.0
73,74,2019-02-27 01:23:39,Clouds,few clouds,277.0,93.0,1.0,20.0
74,75,2019-02-27 01:32:46,Clouds,few clouds,276.0,93.0,1.0,20.0
75,76,2019-02-27 02:23:48,Clouds,few clouds,276.0,99.99,1.0,20.0
76,77,2019-02-27 02:53:33,Clouds,few clouds,275.0,99.99,0.0,20.0
77,78,2019-02-27 03:22:46,Clouds,few clouds,275.0,99.99,0.0,20.0
78,79,2019-02-27 03:48:47,Clouds,few clouds,275.0,99.99,2.0,20.0
79,80,2019-02-27 04:23:33,Mist,mist,275.0,99.99,2.0,20.0
80,81,2019-02-27 04:48:39,Mist,mist,275.0,99.99,1.0,20.0
81,82,2019-02-27 05:18:34,Mist,mist,274.0,99.99,1.0,20.0
82,83,2019-02-27 05:52:53,Fog,fog,274.0,99.99,1.0,20.0
83,84,2019-02-27 06:18:35,Mist,mist,274.0,99.99,1.0,20.0
84,85,2019-02-27 06:48:43,Mist,mist,274.0,99.99,1.0,20.0
85,86,2019-02-27 07:18:36,Mist,mist,275.0,99.99,1.0,20.0
86,87,2019-02-27 07:48:38,Mist,mist,276.0,99.99,0.0,20.0
87,88,2019-02-27 08:18:45,Mist,mist,276.0,99.99,1.0,20.0
88,89,2019-02-27 08:53:33,Mist,mist,276.0,99.99,3.0,20.0
89,90,2019-02-27 09:23:35,Fog,fog,277.0,93.0,3.0,75.0
90,91,2019-02-27 09:48:35,Fog,fog,278.0,93.0,3.0,75.0
91,92,2019-02-27 10:18:48,Fog,fog,279.0,99.99,5.0,75.0
92,93,2019-02-27 10:53:38,Mist,mist,281.0,99.99,5.0,75.0
93,94,2019-02-27 11:18:34,Mist,mist,283.0,93.0,3.0,75.0
94,95,2019-02-27 11:52:51,Clouds,broken clouds,282.0,93.0,5.0,75.0
95,96,2019-02-27 12:18:36,Mist,mist,282.0,93.0,5.0,75.0
96,97,2019-02-27 12:48:50,Mist,mist,283.0,87.0,3.0,40.0
97,98,2019-02-27 13:18:34,Mist,mist,284.0,81.0,3.0,20.0
98,99,2019-02-27 13:48:45,Clouds,few clouds,284.0,76.0,2.0,20.0
99,100,2019-02-27 14:18:48,Clouds,few clouds,285.0,71.0,2.0,20.0
100,101,2019-02-27 14:53:47,Clouds,few clouds,285.0,71.0,2.0,20.0
101,102,2019-02-27 15:18:40,Clouds,few clouds,286.0,71.0,1.0,20.0
102,103,2019-02-27 15:48:43,Clouds,few clouds,285.0,76.0,2.0,20.0
103,104,2019-02-27 16:23:35,Clouds,few clouds,285.0,81.0,3.0,20.0
104,105,2019-02-27 16:48:35,Mist,mist,284.0,87.0,3.0,20.0
105,106,2019-02-27 17:22:56,Mist,mist,283.0,87.0,3.0,75.0
106,107,2019-02-27 17:48:45,Fog,fog,282.0,99.99,3.0,75.0
107,108,2019-02-27 18:23:53,Fog,fog,281.0,99.99,3.0,75.0
108,109,2019-02-27 18:46:40,Fog,fog,280.0,99.99,3.0,75.0
109,110,2019-02-27 19:18:45,Fog,fog,280.0,99.99,3.0,75.0
110,111,2019-02-27 19:48:39,Fog,fog,280.0,99.99,2.0,75.0
111,112,2019-02-27 20:18:47,Fog,fog,279.0,99.99,3.0,75.0
112,113,2019-02-27 20:49:16,Fog,fog,279.0,93.0,2.0,75.0
113,114,2019-02-27 21:18:52,Fog,fog,279.0,99.99,3.0,75.0
114,115,2019-02-27 21:48:42,Fog,fog,279.0,99.99,1.0,75.0
115,116,2019-02-27 22:18:44,Fog,fog,279.0,99.99,0.0,90.0
116,117,2019-02-27 22:48:39,Fog,fog,278.0,93.0,1.0,90.0
117,118,2019-02-27 23:18:38,Fog,fog,278.0,99.99,1.0,90.0
118,119,2019-02-27 23:48:36,Fog,fog,278.0,99.99,2.0,90.0
119,120,2019-02-28 00:18:42,Fog,fog,278.0,99.99,2.0,90.0
120,121,2019-02-28 00:53:42,Fog,fog,278.0,99.99,1.0,90.0
121,122,2019-02-28 01:23:50,Fog,fog,278.0,99.99,1.0,90.0
122,123,2019-02-28 01:48:38,Fog,fog,278.0,99.99,1.0,90.0
123,124,2019-02-28 02:18:42,Fog,fog,278.0,99.99,1.0,90.0
124,125,2019-02-28 02:53:34,Fog,fog,278.0,99.99,0.0,90.0
125,126,2019-02-28 03:18:47,Fog,fog,278.0,99.99,1.0,90.0
126,127,2019-02-28 03:53:48,Fog,fog,278.0,99.99,2.0,90.0
127,128,2019-02-28 04:18:38,Mist,mist,278.0,93.0,3.0,75.0
128,129,2019-02-28 04:48:34,Mist,mist,279.0,99.99,5.0,75.0
129,130,2019-02-28 05:18:36,Clouds,broken clouds,280.0,93.0,4.0,75.0
130,131,2019-02-28 05:48:38,Clouds,broken clouds,280.0,93.0,4.0,75.0
131,132,2019-02-28 06:23:51,Clouds,broken clouds,280.0,93.0,3.0,75.0
132,133,2019-02-28 06:48:35,Clouds,broken clouds,280.0,93.0,3.0,75.0
133,134,2019-02-28 07:18:36,Clouds,broken clouds,280.0,99.99,2.0,75.0
134,135,2019-02-28 07:53:43,Clouds,broken clouds,280.0,93.0,1.0,75.0
135,136,2019-02-28 08:22:57,Clouds,broken clouds,279.0,99.99,1.0,75.0
136,137,2019-02-28 08:53:46,Mist,mist,280.0,99.99,0.0,75.0
137,138,2019-02-28 09:18:38,Mist,mist,280.0,93.0,1.0,75.0
138,139,2019-02-28 09:48:36,Mist,mist,281.0,99.99,1.0,75.0
139,140,2019-02-28 10:22:56,Mist,mist,281.0,93.0,1.0,75.0
140,141,2019-02-28 10:48:48,Mist,mist,282.0,93.0,1.0,75.0
141,142,2019-02-28 11:23:51,Mist,mist,282.0,93.0,0.0,75.0
142,143,2019-02-28 11:48:38,Mist,mist,282.0,93.0,0.0,75.0
143,144,2019-02-28 12:23:34,Mist,mist,282.0,93.0,0.0,75.0
144,145,2019-02-28 12:53:35,Mist,mist,283.0,93.0,3.0,75.0
145,146,2019-02-28 13:18:40,Rain,light rain,283.0,93.0,4.0,75.0
146,147,2019-02-28 13:54:00,Mist,mist,283.0,93.0,4.0,75.0
147,148,2019-02-28 14:23:45,Mist,mist,283.0,93.0,4.0,75.0
148,149,2019-02-28 14:53:53,Mist,mist,283.0,93.0,4.0,75.0
149,150,2019-02-28 15:23:52,Mist,mist,283.0,81.0,5.0,75.0
150,151,2019-02-28 15:48:54,Clouds,broken clouds,283.0,81.0,6.0,75.0
151,152,2019-02-28 16:23:01,Clouds,broken clouds,283.0,87.0,6.0,75.0
152,153,2019-02-28 16:48:37,Clouds,broken clouds,283.0,87.0,6.0,75.0
153,154,2019-02-28 17:23:45,Drizzle,light intensity drizzle,283.0,87.0,5.0,75.0
154,155,2019-02-28 17:48:40,Drizzle,light intensity drizzle,282.0,93.0,4.0,75.0
155,156,2019-02-28 18:18:47,Drizzle,light intensity drizzle,282.0,93.0,4.0,75.0
156,157,2019-02-28 18:48:48,Drizzle,light intensity drizzle,282.0,93.0,4.0,75.0
157,158,2019-02-28 19:23:37,Drizzle,light intensity drizzle,282.0,93.0,4.0,75.0
158,159,2019-02-28 19:53:38,Mist,mist,282.0,93.0,4.0,75.0
159,160,2019-02-28 20:23:38,Mist,mist,282.0,93.0,4.0,75.0
160,161,2019-02-28 20:48:41,Mist,mist,282.0,93.0,4.0,75.0
161,162,2019-02-28 21:18:40,Mist,mist,282.0,93.0,3.0,75.0
162,163,2019-02-28 21:53:48,Clouds,broken clouds,282.0,93.0,3.0,75.0
163,164,2019-02-28 22:23:37,Clouds,broken clouds,282.0,93.0,3.0,75.0
164,165,2019-02-28 22:53:47,Clouds,broken clouds,282.0,93.0,3.0,75.0
165,166,2019-02-28 23:18:46,Clouds,broken clouds,282.0,93.0,3.0,75.0
166,167,2019-02-28 23:48:40,Drizzle,light intensity drizzle,281.0,93.0,3.0,75.0
167,168,2019-03-01 00:22:55,Drizzle,light intensity drizzle,282.0,93.0,2.0,75.0
168,169,2019-03-01 00:48:46,Clouds,broken clouds,281.0,93.0,3.0,75.0
169,170,2019-03-01 01:22:51,Clouds,broken clouds,281.0,87.0,4.0,75.0
170,171,2019-03-01 01:48:53,Clouds,broken clouds,281.0,87.0,5.0,75.0
171,172,2019-03-01 02:18:44,Clouds,broken clouds,280.0,93.0,3.0,75.0
172,173,2019-03-01 02:53:43,Clouds,broken clouds,280.0,93.0,3.0,75.0
173,174,2019-03-01 03:18:49,Mist,mist,280.0,99.99,2.0,75.0
174,175,2019-03-01 03:48:41,Mist,mist,279.0,99.99,1.0,75.0
175,176,2019-03-01 04:23:33,Mist,mist,279.0,99.99,3.0,75.0
176,177,2019-03-01 04:48:52,Mist,mist,280.0,93.0,3.0,75.0
177,178,2019-03-01 05:18:43,Clouds,broken clouds,280.0,87.0,2.0,75.0
178,179,2019-03-01 05:53:36,Clouds,broken clouds,280.0,93.0,2.0,75.0
179,180,2019-03-01 06:16:28,Clouds,broken clouds,280.0,93.0,2.0,75.0
180,181,2019-03-01 06:46:06,Clouds,broken clouds,280.0,93.0,2.0,75.0
181,182,2019-03-01 07:18:54,Clouds,broken clouds,279.0,93.0,2.0,75.0
182,183,2019-03-01 07:53:38,Clear,clear sky,278.0,93.0,2.0,0.0
183,184,2019-03-01 08:23:48,Clear,clear sky,278.0,93.0,2.0,0.0
184,185,2019-03-01 08:48:36,Clear,clear sky,279.0,93.0,1.0,0.0
185,186,2019-03-01 09:23:33,Clear,clear sky,280.0,81.0,1.0,0.0
186,187,2019-03-01 09:48:32,Clear,clear sky,281.0,81.0,1.0,0.0
187,188,2019-03-01 10:18:34,Clear,clear sky,283.0,76.0,1.0,0.0
188,189,2019-03-01 10:53:35,Clear,clear sky,283.0,81.0,2.0,0.0
189,190,2019-03-01 11:18:47,Clear,clear sky,284.0,76.0,2.0,0.0
190,191,2019-03-01 11:48:46,Clear,clear sky,285.0,76.0,2.0,0.0
191,192,2019-03-01 12:22:50,Clear,clear sky,285.0,62.0,3.0,0.0
192,193,2019-03-01 12:46:49,Clear,clear sky,286.0,50.0,1.0,0.0
193,194,2019-03-01 13:23:42,Clear,clear sky,286.0,44.0,2.0,0.0
194,195,2019-03-01 13:53:38,Clear,clear sky,286.0,44.0,2.0,0.0
195,196,2019-03-01 14:23:31,Rain,moderate rain,286.0,41.0,2.0,0.0
196,197,2019-03-01 14:48:34,Rain,moderate rain,285.0,41.0,2.0,0.0
197,198,2019-03-01 15:23:50,Rain,heavy intensity rain,285.0,54.0,3.0,0.0
198,199,2019-03-01 15:53:40,Rain,heavy intensity rain,284.0,54.0,3.0,0.0
199,200,2019-03-01 16:23:54,Rain,very heavy rain,284.0,71.0,3.0,75.0
200,201,2019-03-01 16:53:37,Rain,very heavy rain,283.0,76.0,3.0,75.0
201,202,2019-03-01 17:18:43,Rain,heavy intensity rain,283.0,93.0,3.0,75.0
202,203,2019-03-01 17:53:40,Rain,heavy intensity rain,282.0,87.0,4.0,75.0
203,204,2019-03-01 18:18:42,Rain,moderate rain,282.0,87.0,4.0,75.0
204,205,2019-03-01 18:53:38,Rain,light rain,282.0,87.0,4.0,75.0
205,206,2019-03-01 19:18:33,Rain,moderate rain,282.0,87.0,5.0,75.0
206,207,2019-03-01 19:53:51,Rain,moderate rain,282.0,93.0,5.0,75.0
207,208,2019-03-01 20:18:57,Rain,heavy intensity rain,282.0,93.0,4.0,75.0
208,209,2019-03-01 20:48:39,Rain,heavy intensity rain,282.0,93.0,2.0,75.0
209,210,2019-03-01 21:23:52,Rain,moderate rain,282.0,93.0,1.0,75.0
210,211,2019-03-01 21:53:48,Rain,moderate rain,282.0,93.0,4.0,90.0
211,212,2019-03-01 22:18:47,Rain,light rain,282.0,93.0,4.0,90.0
212,213,2019-03-01 22:48:44,Rain,light rain,282.0,93.0,3.0,75.0
213,214,2019-03-01 23:18:50,Rain,light rain,282.0,93.0,3.0,75.0
214,215,2019-03-01 23:48:45,Rain,light rain,282.0,99.99,3.0,75.0
215,216,2019-03-02 00:23:33,Clouds,broken clouds,282.0,93.0,3.0,75.0
216,217,2019-03-02 00:48:53,Rain,light rain,282.0,93.0,3.0,75.0
217,218,2019-03-02 01:18:50,Rain,light rain,282.0,93.0,4.0,75.0
218,219,2019-03-02 01:53:34,Clouds,broken clouds,281.0,87.0,4.0,75.0
219,220,2019-03-02 02:23:51,Rain,light rain,281.0,87.0,4.0,75.0
220,221,2019-03-02 02:48:42,Rain,light rain,281.0,87.0,4.0,75.0
221,222,2019-03-02 03:23:49,Clouds,broken clouds,280.0,87.0,4.0,75.0
222,223,2019-03-02 03:53:39,Rain,light rain,280.0,87.0,4.0,75.0
223,224,2019-03-02 04:18:32,Rain,light rain,279.0,87.0,4.0,75.0
224,225,2019-03-02 04:53:39,Clouds,broken clouds,279.0,93.0,4.0,75.0
225,226,2019-03-02 05:23:33,Clouds,broken clouds,279.0,93.0,5.0,75.0
226,227,2019-03-02 05:48:34,Clouds,broken clouds,278.0,93.0,5.0,75.0
227,228,2019-03-02 06:22:53,Clouds,broken clouds,278.0,93.0,4.0,75.0
228,229,2019-03-02 06:53:33,Clouds,broken clouds,277.0,93.0,3.0,75.0
229,230,2019-03-02 07:18:31,Clouds,broken clouds,278.0,93.0,3.0,75.0
230,231,2019-03-02 07:52:47,Clouds,few clouds,278.0,93.0,2.0,20.0
231,232,2019-03-02 08:23:52,Clouds,broken clouds,279.0,87.0,3.0,75.0
232,233,2019-03-02 08:48:50,Rain,moderate rain,279.0,87.0,3.0,75.0
233,234,2019-03-02 09:23:42,Rain,moderate rain,281.0,61.0,2.0,75.0
234,235,2019-03-02 09:48:47,Rain,moderate rain,281.0,61.0,2.0,75.0
235,236,2019-03-02 10:18:40,Rain,moderate rain,281.0,66.0,4.0,75.0
236,237,2019-03-02 10:48:49,Rain,moderate rain,281.0,76.0,5.0,75.0
237,238,2019-03-02 11:22:52,Rain,light rain,282.0,81.0,6.0,75.0
238,239,2019-03-02 11:53:48,Rain,light rain,283.0,81.0,6.0,75.0
239,240,2019-03-02 12:18:51,Rain,moderate rain,283.0,76.0,6.0,75.0
240,241,2019-03-02 12:52:47,Rain,heavy intensity rain,284.0,81.0,8.0,75.0
241,242,2019-03-02 13:23:39,Rain,heavy intensity rain,284.0,87.0,9.0,75.0
242,243,2019-03-02 13:53:38,Rain,moderate rain,284.0,87.0,8.0,75.0
243,244,2019-03-02 14:23:41,Rain,heavy intensity rain,284.0,87.0,10.0,75.0
244,245,2019-03-02 14:48:33,Rain,heavy intensity rain,283.0,87.0,10.0,75.0
245,246,2019-03-02 15:18:45,Rain,moderate rain,284.0,81.0,10.0,75.0
246,247,2019-03-02 15:53:48,Rain,moderate rain,283.0,93.0,11.0,75.0
247,248,2019-03-02 16:18:34,Rain,moderate rain,283.0,87.0,8.0,75.0
248,249,2019-03-02 16:48:37,Rain,light rain,282.0,81.0,9.0,75.0
249,250,2019-03-02 17:18:36,Rain,light rain,282.0,66.0,8.0,75.0
250,251,2019-03-02 17:53:35,Rain,light rain,281.0,66.0,7.0,40.0
251,252,2019-03-02 18:18:47,Rain,light rain,281.0,57.0,7.0,40.0
252,253,2019-03-02 18:53:34,Rain,light rain,280.0,61.0,7.0,40.0
253,254,2019-03-02 19:23:42,Rain,light rain,280.0,61.0,8.0,40.0
254,255,2019-03-02 19:48:37,Rain,light rain,280.0,61.0,8.0,40.0
255,256,2019-03-02 20:18:44,Rain,light rain,280.0,61.0,7.0,40.0
256,257,2019-03-02 20:48:42,Rain,light rain,280.0,70.0,6.0,40.0
257,258,2019-03-02 21:18:48,Rain,light rain,279.0,70.0,6.0,40.0
258,259,2019-03-02 21:48:37,Rain,light rain,279.0,75.0,7.0,75.0
259,260,2019-03-02 22:23:36,Rain,light rain,279.0,70.0,6.0,75.0
260,261,2019-03-02 22:53:46,Rain,light rain,279.0,70.0,8.0,75.0
261,262,2019-03-02 23:18:49,Rain,light rain,279.0,65.0,6.0,75.0
262,263,2019-03-02 23:49:00,Rain,light rain,279.0,70.0,6.0,75.0
263,264,2019-03-03 00:24:03,Rain,light rain,279.0,70.0,6.0,40.0
264,265,2019-03-03 00:48:49,Rain,light rain,279.0,70.0,6.0,40.0
265,266,2019-03-03 01:23:44,Rain,light rain,279.0,70.0,6.0,40.0
266,267,2019-03-03 01:53:31,Rain,light rain,279.0,70.0,6.0,40.0
267,268,2019-03-03 02:23:42,Rain,light rain,278.0,70.0,6.0,40.0
268,269,2019-03-03 02:48:44,Rain,light rain,279.0,70.0,6.0,75.0
269,270,2019-03-03 03:23:38,Rain,light rain,279.0,70.0,5.0,75.0
270,271,2019-03-03 03:48:37,Rain,light rain,279.0,70.0,5.0,75.0
271,272,2019-03-03 04:18:30,Rain,light rain,279.0,70.0,5.0,75.0
272,273,2019-03-03 04:53:35,Rain,light rain,279.0,70.0,5.0,75.0
273,274,2019-03-03 05:23:29,Rain,light rain,279.0,70.0,5.0,75.0
274,275,2019-03-03 05:48:35,Rain,light rain,279.0,70.0,4.0,75.0
275,276,2019-03-03 06:23:47,Rain,light rain,279.0,70.0,5.0,75.0
276,277,2019-03-03 06:53:34,Rain,light rain,279.0,70.0,4.0,75.0
277,278,2019-03-03 07:18:41,Rain,light rain,279.0,70.0,4.0,75.0
278,279,2019-03-03 07:53:39,Clouds,broken clouds,279.0,65.0,3.0,75.0
279,280,2019-03-03 08:22:48,Clouds,broken clouds,279.0,65.0,3.0,75.0
280,281,2019-03-03 08:52:47,Clouds,broken clouds,279.0,70.0,3.0,75.0
281,282,2019-03-03 09:23:47,Rain,light rain,279.0,65.0,3.0,75.0
282,283,2019-03-03 09:48:32,Rain,moderate rain,279.0,65.0,3.0,75.0
283,284,2019-03-03 10:17:11,Rain,moderate rain,278.0,70.0,2.0,75.0
284,285,2019-03-03 10:54:19,Rain,moderate rain,278.0,65.0,2.0,75.0
285,286,2019-03-03 11:23:50,Rain,moderate rain,277.0,75.0,4.0,75.0
286,287,2019-03-03 11:48:49,Rain,moderate rain,277.0,86.0,2.0,90.0
287,288,2019-03-03 12:23:46,Rain,moderate rain,277.0,86.0,3.0,90.0
288,289,2019-03-03 12:53:34,Rain,heavy intensity rain,276.0,86.0,4.0,90.0
289,290,2019-03-03 13:16:58,Rain,heavy intensity rain,276.0,86.0,4.0,90.0
290,291,2019-03-03 13:53:44,Rain,heavy intensity rain,275.0,93.0,5.0,75.0
291,292,2019-03-03 14:23:44,Rain,heavy intensity rain,275.0,93.0,5.0,75.0
292,293,2019-03-03 14:53:50,Rain,moderate rain,275.0,93.0,5.0,75.0
293,294,2019-03-03 15:15:46,Rain,moderate rain,275.0,93.0,6.0,75.0
294,295,2019-03-03 15:45:13,Rain,moderate rain,275.0,93.0,6.0,75.0
295,296,2019-03-03 16:23:41,Rain,moderate rain,274.0,93.0,7.0,75.0
296,297,2019-03-03 16:53:46,Rain,moderate rain,274.0,93.0,7.0,75.0
297,298,2019-03-03 17:23:36,Rain,light rain,274.0,93.0,8.0,75.0
298,299,2019-03-03 17:53:55,Rain,light rain,273.0,99.99,6.0,90.0
299,300,2019-03-03 18:18:36,Rain,light rain,273.0,99.99,6.0,90.0
300,301,2019-03-03 18:53:32,Snow,snow,273.0,99.99,6.0,75.0
301,302,2019-03-03 19:23:43,Rain,light rain,273.0,99.99,7.0,75.0
302,303,2019-03-03 19:48:53,Rain,light rain,273.0,99.99,7.0,75.0
303,304,2019-03-03 20:23:48,Rain,moderate rain,274.0,99.99,6.0,75.0
304,305,2019-03-03 20:53:35,Rain,light rain,274.0,99.99,6.0,75.0
305,306,2019-03-03 21:18:46,Rain,light rain,274.0,99.99,6.0,75.0
306,307,2019-03-03 21:48:42,Rain,light rain,274.0,99.99,6.0,75.0
307,308,2019-03-03 22:23:47,Rain,moderate rain,274.0,99.99,6.0,75.0
308,309,2019-03-03 22:53:42,Rain,light rain,274.0,93.0,6.0,75.0
309,310,2019-03-03 23:18:35,Rain,light rain,274.0,93.0,5.0,75.0
310,311,2019-03-03 23:53:45,Rain,light rain,274.0,99.99,5.0,75.0
311,312,2019-03-04 00:23:37,Rain,light rain,274.0,99.99,4.0,40.0
312,313,2019-03-04 00:52:46,Rain,light rain,274.0,99.99,4.0,40.0
313,314,2019-03-04 01:23:32,Clouds,few clouds,274.0,99.99,4.0,20.0
314,315,2019-03-04 01:53:38,Rain,light rain,274.0,99.99,4.0,20.0
315,316,2019-03-04 02:18:43,Rain,light rain,274.0,99.99,4.0,20.0
316,317,2019-03-04 02:53:47,Rain,light rain,274.0,99.99,5.0,20.0
317,318,2019-03-04 03:23:37,Rain,light rain,274.0,99.99,4.0,20.0
318,319,2019-03-04 03:52:54,Clouds,few clouds,274.0,99.99,4.0,20.0
319,320,2019-03-04 04:23:31,Rain,light rain,274.0,99.99,4.0,20.0
320,321,2019-03-04 04:48:53,Rain,light rain,274.0,99.99,4.0,20.0
321,322,2019-03-04 05:23:35,Snow,snow,274.0,99.99,4.0,20.0
322,323,2019-03-04 05:53:37,Clouds,few clouds,274.0,99.99,4.0,20.0
323,324,2019-03-04 06:22:51,Clouds,few clouds,274.0,99.99,4.0,20.0
324,325,2019-03-04 06:53:50,Rain,moderate rain,274.0,99.99,3.0,40.0
325,326,2019-03-04 07:23:38,Rain,light intensity shower rain,275.0,93.0,3.0,75.0
326,327,2019-03-04 07:53:42,Rain,light intensity shower rain,275.0,93.0,3.0,75.0
327,328,2019-03-04 08:18:37,Rain,light intensity shower rain,275.0,93.0,3.0,75.0
328,329,2019-03-04 08:48:42,Rain,moderate rain,275.0,93.0,3.0,75.0
329,330,2019-03-04 09:18:35,Rain,heavy intensity rain,276.0,93.0,3.0,75.0
330,331,2019-03-04 09:53:39,Rain,heavy intensity rain,276.0,93.0,3.0,75.0
331,332,2019-03-04 10:18:42,Rain,heavy intensity rain,276.0,93.0,3.0,75.0
332,333,2019-03-04 10:52:53,Rain,very heavy rain,277.0,86.0,4.0,40.0
333,334,2019-03-04 11:17:03,Rain,light rain,277.0,86.0,5.0,40.0
334,335,2019-03-04 11:53:52,Rain,heavy intensity rain,277.0,80.0,5.0,40.0
335,336,2019-03-04 12:23:49,Rain,heavy intensity rain,277.0,86.0,6.0,75.0
336,337,2019-03-04 12:53:48,Rain,heavy intensity rain,277.0,86.0,6.0,75.0
337,338,2019-03-04 13:18:49,Rain,heavy intensity rain,277.0,86.0,6.0,75.0
338,339,2019-03-04 13:52:47,Rain,light rain,278.0,86.0,9.0,75.0
339,340,2019-03-04 14:23:34,Rain,moderate rain,278.0,86.0,9.0,75.0
340,341,2019-03-04 14:53:38,Rain,shower rain,278.0,81.0,10.0,75.0
341,342,2019-03-04 15:18:41,Rain,shower rain,278.0,81.0,10.0,75.0
342,343,2019-03-04 15:48:47,Rain,light rain,278.0,75.0,6.0,75.0
343,344,2019-03-04 16:23:35,Clouds,scattered clouds,277.0,80.0,9.0,40.0
344,345,2019-03-04 16:48:33,Rain,light intensity shower rain,277.0,75.0,5.0,75.0
345,346,2019-03-04 17:18:34,Rain,light rain,277.0,75.0,5.0,75.0
346,347,2019-03-04 17:48:36,Clouds,broken clouds,277.0,75.0,5.0,75.0
347,348,2019-03-04 18:23:33,Clouds,broken clouds,276.0,80.0,4.0,75.0
348,349,2019-03-04 18:53:44,Rain,light rain,276.0,80.0,4.0,75.0
349,350,2019-03-04 19:18:50,Rain,light rain,276.0,80.0,4.0,75.0
350,351,2019-03-04 19:48:42,Clouds,broken clouds,277.0,80.0,4.0,75.0
351,352,2019-03-04 20:23:44,Clouds,broken clouds,277.0,80.0,3.0,75.0
352,353,2019-03-04 20:48:31,Rain,light rain,277.0,80.0,3.0,75.0
353,354,2019-03-04 21:18:50,Rain,light rain,277.0,99.99,5.0,75.0
354,355,2019-03-04 21:53:34,Rain,moderate rain,277.0,99.99,6.0,75.0
355,356,2019-03-04 22:23:40,Rain,moderate rain,277.0,99.99,5.0,75.0
356,357,2019-03-04 22:49:02,Rain,light rain,276.0,80.0,5.0,75.0
357,358,2019-03-04 23:18:36,Clouds,broken clouds,276.0,80.0,6.0,75.0
358,359,2019-03-04 23:53:32,Rain,light rain,276.0,80.0,6.0,75.0
359,360,2019-03-05 00:18:47,Rain,light rain,276.0,86.0,7.0,20.0
360,361,2019-03-05 00:53:44,Clouds,few clouds,276.0,80.0,6.0,20.0
361,362,2019-03-05 01:18:38,Clouds,few clouds,276.0,80.0,6.0,20.0
362,363,2019-03-05 01:53:32,Rain,light rain,276.0,80.0,6.0,40.0
363,364,2019-03-05 02:18:37,Rain,light rain,277.0,80.0,6.0,40.0
364,365,2019-03-05 02:53:46,Clouds,scattered clouds,277.0,80.0,6.0,40.0
365,366,2019-03-05 03:18:38,Clouds,scattered clouds,277.0,80.0,6.0,40.0
366,367,2019-03-05 03:48:31,Rain,moderate rain,277.0,80.0,7.0,40.0
367,368,2019-03-05 04:23:45,Rain,light rain,278.0,75.0,7.0,75.0
368,369,2019-03-05 04:48:31,Rain,light intensity shower rain,278.0,75.0,8.0,75.0
369,370,2019-03-05 05:23:45,Rain,light intensity shower rain,278.0,75.0,8.0,75.0
370,371,2019-03-05 05:45:46,Rain,light intensity shower rain,278.0,80.0,8.0,75.0
371,372,2019-03-05 06:23:52,Rain,light intensity shower rain,278.0,80.0,8.0,75.0
372,373,2019-03-05 06:53:53,Rain,light intensity shower rain,278.0,80.0,7.0,40.0
373,374,2019-03-05 07:23:41,Rain,light intensity shower rain,278.0,80.0,7.0,40.0
374,375,2019-03-05 07:52:47,Rain,light intensity shower rain,278.0,80.0,7.0,40.0
375,376,2019-03-05 08:23:31,Rain,moderate rain,278.0,75.0,7.0,40.0
376,377,2019-03-05 08:53:41,Clouds,few clouds,278.0,75.0,8.0,20.0
377,378,2019-03-05 09:22:47,Rain,light rain,279.0,70.0,8.0,20.0
378,379,2019-03-05 09:53:33,Rain,light rain,280.0,70.0,8.0,20.0
379,380,2019-03-05 10:18:36,Clouds,few clouds,280.0,70.0,9.0,20.0
380,381,2019-03-05 10:53:41,Clouds,few clouds,281.0,65.0,8.0,20.0
381,382,2019-03-05 11:23:40,Clouds,few clouds,281.0,70.0,7.0,20.0
382,383,2019-03-05 11:53:48,Rain,light rain,281.0,61.0,7.0,40.0
383,384,2019-03-05 12:23:40,Rain,light rain,282.0,61.0,7.0,40.0
384,385,2019-03-05 12:48:35,Clouds,scattered clouds,283.0,61.0,7.0,40.0
385,386,2019-03-05 13:23:43,Clouds,broken clouds,283.0,57.0,5.0,75.0
386,387,2019-03-05 13:48:46,Clouds,broken clouds,283.0,57.0,5.0,75.0
387,388,2019-03-05 14:18:48,Rain,light rain,283.0,57.0,7.0,75.0
388,389,2019-03-05 14:48:33,Rain,light rain,283.0,57.0,6.0,75.0
389,390,2019-03-05 15:23:44,Clouds,broken clouds,282.0,57.0,6.0,75.0
390,391,2019-03-05 15:48:43,Clouds,broken clouds,282.0,57.0,6.0,75.0
391,392,2019-03-05 16:23:39,Rain,light rain,282.0,53.0,6.0,75.0
392,393,2019-03-05 16:46:39,Rain,light rain,281.0,57.0,5.0,75.0
393,394,2019-03-05 17:23:39,Clouds,broken clouds,281.0,61.0,4.0,75.0
394,395,2019-03-05 17:46:40,Clouds,broken clouds,281.0,66.0,4.0,75.0
395,396,2019-03-05 18:16:47,Clouds,broken clouds,281.0,61.0,4.0,75.0
396,397,2019-03-05 18:46:55,Clouds,broken clouds,281.0,61.0,2.0,75.0
397,398,2019-03-05 19:17:12,Rain,light rain,280.0,81.0,4.0,75.0
398,399,2019-03-05 19:47:19,Rain,light rain,280.0,81.0,4.0,75.0
399,400,2019-03-05 20:17:04,Rain,light rain,280.0,81.0,4.0,75.0
400,401,2019-03-05 20:48:39,Rain,heavy intensity rain,280.0,93.0,4.0,75.0
401,402,2019-03-05 21:23:42,Rain,heavy intensity rain,280.0,93.0,6.0,75.0
402,403,2019-03-05 21:53:39,Rain,heavy intensity rain,280.0,93.0,6.0,75.0
403,404,2019-03-05 22:18:47,Rain,heavy intensity rain,280.0,93.0,6.0,75.0
404,405,2019-03-05 22:53:42,Rain,heavy intensity rain,280.0,93.0,6.0,75.0
405,406,2019-03-05 23:18:40,Rain,heavy intensity rain,280.0,99.99,6.0,75.0
406,407,2019-03-05 23:53:46,Rain,heavy intensity rain,280.0,99.99,8.0,75.0
407,408,2019-03-06 00:23:34,Rain,heavy intensity rain,280.0,99.99,6.0,75.0
408,409,2019-03-06 00:53:47,Rain,moderate rain,281.0,99.99,6.0,75.0
409,410,2019-03-06 01:18:41,Rain,moderate rain,281.0,99.99,6.0,75.0
410,411,2019-03-06 01:48:41,Rain,moderate rain,282.0,93.0,6.0,75.0
411,412,2019-03-06 02:18:47,Rain,moderate rain,282.0,99.99,4.0,75.0
412,413,2019-03-06 02:53:57,Rain,light rain,282.0,99.99,5.0,75.0
413,414,2019-03-06 03:18:47,Rain,moderate rain,282.0,99.99,5.0,75.0
414,415,2019-03-06 03:53:50,Rain,moderate rain,282.0,93.0,4.0,75.0
415,416,2019-03-06 04:23:41,Rain,light rain,282.0,87.0,4.0,75.0
416,417,2019-03-06 04:48:35,Rain,light rain,282.0,93.0,4.0,75.0
417,418,2019-03-06 05:18:39,Rain,light rain,282.0,87.0,5.0,75.0
418,419,2019-03-06 05:48:35,Clouds,broken clouds,282.0,87.0,6.0,75.0
419,420,2019-03-06 06:23:46,Rain,light rain,282.0,81.0,6.0,75.0
420,421,2019-03-06 06:53:51,Rain,light rain,282.0,81.0,6.0,75.0
421,422,2019-03-06 07:23:36,Clouds,broken clouds,282.0,87.0,4.0,75.0
422,423,2019-03-06 07:48:35,Clouds,broken clouds,282.0,87.0,4.0,75.0
423,424,2019-03-06 08:18:53,Rain,light intensity shower rain,282.0,81.0,4.0,75.0
424,425,2019-03-06 08:53:45,Rain,light rain,282.0,81.0,5.0,40.0
425,426,2019-03-06 09:18:45,Rain,light intensity shower rain,282.0,76.0,5.0,40.0
426,427,2019-03-06 09:53:41,Rain,light intensity shower rain,282.0,76.0,5.0,40.0
427,428,2019-03-06 10:23:39,Rain,light rain,282.0,76.0,7.0,40.0
428,429,2019-03-06 10:48:37,Rain,light rain,282.0,76.0,5.0,40.0
429,430,2019-03-06 11:23:36,Clouds,scattered clouds,281.0,76.0,7.0,40.0
430,431,2019-03-06 11:53:48,Rain,light intensity shower rain,280.0,93.0,4.0,75.0
431,432,2019-03-06 12:23:48,Rain,light intensity shower rain,279.0,93.0,4.0,75.0
432,433,2019-03-06 12:53:54,Rain,light rain,279.0,87.0,4.0,75.0
433,434,2019-03-06 13:23:56,Rain,light rain,279.0,87.0,5.0,75.0
434,435,2019-03-06 13:48:43,Rain,light rain,279.0,87.0,7.0,75.0
435,436,2019-03-06 14:22:47,Rain,light rain,278.0,93.0,8.0,75.0
436,437,2019-03-06 14:52:46,Rain,light rain,278.0,81.0,7.0,75.0
437,438,2019-03-06 15:22:49,Rain,light rain,279.0,81.0,7.0,75.0
438,439,2019-03-06 15:53:44,Clouds,broken clouds,280.0,70.0,9.0,75.0
439,440,2019-03-06 16:18:37,Clouds,broken clouds,280.0,70.0,9.0,75.0
440,441,2019-03-06 16:53:43,Rain,light rain,280.0,75.0,9.0,75.0
441,442,2019-03-06 17:23:40,Rain,light rain,279.0,81.0,9.0,75.0
442,443,2019-03-06 17:53:46,Rain,moderate rain,279.0,81.0,9.0,75.0
443,444,2019-03-06 18:18:37,Rain,light intensity shower rain,279.0,75.0,9.0,75.0
444,445,2019-03-06 18:52:52,Rain,light rain,279.0,87.0,5.0,75.0
445,446,2019-03-06 19:24:53,Clouds,scattered clouds,279.0,75.0,8.0,40.0
446,447,2019-03-06 19:53:48,Clouds,scattered clouds,278.0,75.0,7.0,40.0
447,448,2019-03-06 20:18:40,Rain,light rain,278.0,75.0,7.0,40.0
448,449,2019-03-06 20:53:42,Rain,light rain,278.0,80.0,7.0,20.0
449,450,2019-03-06 21:23:40,Clouds,few clouds,278.0,80.0,6.0,20.0
450,451,2019-03-06 21:53:50,Rain,light rain,278.0,80.0,6.0,20.0
451,452,2019-03-06 22:23:46,Rain,light rain,278.0,80.0,6.0,20.0
452,453,2019-03-06 22:53:51,Clouds,scattered clouds,278.0,80.0,6.0,40.0
453,454,2019-03-06 23:18:52,Clouds,scattered clouds,278.0,75.0,7.0,40.0
454,455,2019-03-06 23:53:42,Rain,light rain,277.0,80.0,6.0,75.0
455,456,2019-03-07 00:23:51,Rain,light rain,278.0,80.0,7.0,75.0
456,457,2019-03-07 00:53:44,Clouds,broken clouds,277.0,86.0,6.0,75.0
457,458,2019-03-07 01:18:52,Clouds,broken clouds,277.0,86.0,6.0,75.0
458,459,2019-03-07 01:48:53,Rain,light rain,277.0,86.0,6.0,40.0
459,460,2019-03-07 02:23:38,Rain,light rain,277.0,80.0,6.0,40.0
460,461,2019-03-07 02:48:51,Clouds,scattered clouds,277.0,86.0,7.0,40.0
461,462,2019-03-07 03:23:51,Clouds,scattered clouds,277.0,86.0,6.0,40.0
462,463,2019-03-07 03:53:50,Rain,light rain,277.0,86.0,6.0,40.0
463,464,2019-03-07 04:18:35,Rain,light rain,277.0,80.0,7.0,40.0
464,465,2019-03-07 04:53:50,Clouds,scattered clouds,277.0,80.0,7.0,40.0
465,466,2019-03-07 05:18:43,Clouds,scattered clouds,277.0,80.0,7.0,40.0
466,467,2019-03-07 05:53:42,Clouds,broken clouds,277.0,80.0,9.0,75.0
467,468,2019-03-07 06:18:39,Rain,light rain,277.0,80.0,11.0,75.0
468,469,2019-03-07 06:53:42,Rain,light rain,277.0,80.0,11.0,75.0
469,470,2019-03-07 07:22:50,Rain,light rain,277.0,80.0,11.0,75.0
470,471,2019-03-07 07:52:48,Rain,light rain,278.0,80.0,11.0,75.0
471,472,2019-03-07 08:23:39,Clouds,broken clouds,278.0,80.0,13.0,75.0
472,473,2019-03-07 08:53:50,Rain,light rain,278.0,86.0,12.0,75.0
473,474,2019-03-07 09:23:52,Rain,light rain,278.0,86.0,13.0,75.0
474,475,2019-03-07 09:53:37,Rain,light rain,278.0,86.0,13.0,75.0
475,476,2019-03-07 10:22:52,Rain,light rain,279.0,81.0,13.0,75.0
476,477,2019-03-07 10:53:47,Rain,light rain,279.0,81.0,12.0,75.0
477,478,2019-03-07 11:23:37,Rain,light rain,280.0,75.0,12.0,75.0
478,479,2019-03-07 11:53:39,Rain,heavy intensity rain,280.0,75.0,12.0,75.0
479,480,2019-03-07 12:23:35,Rain,heavy intensity rain,280.0,70.0,12.0,75.0
480,481,2019-03-07 12:52:47,Rain,light rain,280.0,70.0,12.0,75.0
481,482,2019-03-07 13:23:41,Rain,light rain,281.0,66.0,12.0,75.0
482,483,2019-03-07 13:53:36,Rain,light intensity shower rain,282.0,66.0,11.0,75.0
483,484,2019-03-07 14:23:49,Clouds,broken clouds,282.0,70.0,11.0,75.0
484,485,2019-03-07 14:52:45,Rain,light rain,282.0,66.0,11.0,75.0
485,486,2019-03-07 15:22:46,Rain,light rain,282.0,66.0,11.0,75.0
486,487,2019-03-07 15:53:39,Rain,light intensity shower rain,281.0,75.0,12.0,40.0
487,488,2019-03-07 16:23:03,Rain,shower rain,281.0,81.0,9.0,40.0
488,489,2019-03-07 16:48:44,Rain,shower rain,281.0,70.0,9.0,40.0
489,490,2019-03-07 17:23:41,Rain,shower rain,280.0,81.0,9.0,40.0
490,491,2019-03-07 17:53:34,Rain,shower rain,280.0,81.0,9.0,40.0
491,492,2019-03-07 18:23:38,Rain,shower rain,279.0,75.0,9.0,40.0
492,493,2019-03-07 18:53:39,Rain,shower rain,279.0,75.0,6.0,40.0
493,494,2019-03-07 19:23:54,Clouds,broken clouds,278.0,81.0,5.0,75.0
494,495,2019-03-07 19:48:40,Clouds,broken clouds,278.0,81.0,5.0,75.0
495,496,2019-03-07 20:22:50,Rain,light rain,278.0,80.0,5.0,75.0
496,497,2019-03-07 20:53:54,Rain,light rain,277.0,80.0,4.0,20.0
497,498,2019-03-07 21:22:49,Clouds,few clouds,277.0,80.0,4.0,20.0
498,499,2019-03-07 21:53:35,Clouds,few clouds,277.0,80.0,5.0,20.0
499,500,2019-03-07 22:23:40,Clouds,few clouds,276.0,86.0,5.0,20.0
500,501,2019-03-07 22:48:37,Clouds,few clouds,276.0,86.0,4.0,20.0
501,502,2019-03-07 23:23:50,Rain,light rain,276.0,80.0,4.0,20.0
502,503,2019-03-07 23:48:37,Clouds,few clouds,276.0,86.0,4.0,20.0
503,504,2019-03-08 00:22:52,Clouds,few clouds,276.0,86.0,4.0,20.0
504,505,2019-03-08 00:53:44,Clouds,few clouds,276.0,86.0,3.0,20.0
505,506,2019-03-08 01:23:53,Clouds,few clouds,275.0,99.99,3.0,20.0
506,507,2019-03-08 01:52:47,Rain,light rain,275.0,99.99,3.0,20.0
507,508,2019-03-08 02:18:57,Rain,light rain,274.0,99.99,3.0,20.0
508,509,2019-03-08 02:53:40,Clouds,few clouds,274.0,99.99,2.0,20.0
509,510,2019-03-08 03:23:49,Clouds,few clouds,275.0,99.99,2.0,20.0
510,511,2019-03-08 03:53:40,Clouds,few clouds,275.0,99.99,2.0,20.0
511,512,2019-03-08 04:23:42,Clouds,few clouds,274.0,99.99,2.0,20.0
512,513,2019-03-08 04:53:51,Clouds,few clouds,275.0,99.99,2.0,20.0
513,514,2019-03-08 05:18:56,Clouds,few clouds,275.0,99.99,2.0,20.0
514,515,2019-03-08 05:54:51,Rain,light rain,276.0,99.99,2.0,75.0
515,516,2019-03-08 06:18:36,Rain,light rain,276.0,99.99,2.0,75.0
516,517,2019-03-08 06:53:42,Rain,light rain,277.0,80.0,3.0,75.0
517,518,2019-03-08 07:23:44,Rain,light rain,277.0,80.0,3.0,75.0
518,519,2019-03-08 07:52:50,Clouds,broken clouds,277.0,75.0,3.0,75.0
519,520,2019-03-08 08:23:59,Clouds,broken clouds,278.0,80.0,4.0,75.0
520,521,2019-03-08 08:53:41,Clouds,broken clouds,279.0,75.0,3.0,75.0
521,522,2019-03-08 09:23:38,Rain,light rain,279.0,75.0,4.0,75.0
522,523,2019-03-08 09:53:38,Rain,light rain,279.0,75.0,4.0,75.0
523,524,2019-03-08 10:23:38,Rain,moderate rain,279.0,81.0,4.0,75.0
524,525,2019-03-08 10:53:44,Rain,moderate rain,279.0,81.0,5.0,75.0
525,526,2019-03-08 11:23:49,Rain,light rain,279.0,87.0,5.0,75.0
526,527,2019-03-08 11:53:41,Rain,light rain,279.0,87.0,5.0,75.0
527,528,2019-03-08 12:22:50,Rain,light rain,280.0,87.0,5.0,75.0
528,529,2019-03-08 12:48:42,Rain,moderate rain,280.0,87.0,6.0,75.0
529,530,2019-03-08 13:18:41,Rain,moderate rain,281.0,87.0,6.0,75.0
530,531,2019-03-08 13:53:46,Rain,light rain,281.0,81.0,7.0,75.0
531,532,2019-03-08 14:18:37,Drizzle,light intensity drizzle,282.0,87.0,6.0,75.0
532,533,2019-03-08 14:54:07,Drizzle,light intensity drizzle,282.0,81.0,8.0,75.0
533,534,2019-03-08 15:23:48,Rain,light rain,282.0,87.0,6.0,75.0
534,535,2019-03-08 15:48:41,Rain,light rain,282.0,87.0,6.0,75.0
535,536,2019-03-08 16:23:39,Rain,moderate rain,283.0,87.0,4.0,75.0
536,537,2019-03-08 16:53:41,Rain,moderate rain,283.0,87.0,5.0,75.0
537,538,2019-03-08 17:24:27,Rain,light rain,283.0,87.0,5.0,75.0
538,539,2019-03-08 17:53:38,Rain,light rain,282.0,71.0,10.0,40.0
539,540,2019-03-08 18:23:39,Clouds,scattered clouds,281.0,71.0,10.0,40.0
540,541,2019-03-08 18:53:57,Clouds,few clouds,281.0,70.0,7.0,20.0
541,542,2019-03-08 19:23:36,Clouds,scattered clouds,280.0,75.0,7.0,40.0
542,543,2019-03-08 19:53:37,Rain,light rain,280.0,75.0,5.0,40.0
543,544,2019-03-08 20:23:39,Rain,light rain,280.0,70.0,5.0,40.0
544,545,2019-03-08 20:45:40,Clouds,scattered clouds,280.0,75.0,5.0,40.0
545,546,2019-03-08 21:23:35,Clouds,broken clouds,280.0,75.0,7.0,75.0
546,547,2019-03-08 21:53:41,Rain,light rain,280.0,75.0,7.0,75.0
547,548,2019-03-08 22:23:54,Rain,light rain,279.0,75.0,11.0,75.0
548,549,2019-03-08 22:53:54,Clouds,broken clouds,279.0,75.0,9.0,75.0
549,550,2019-03-08 23:23:37,Clouds,broken clouds,279.0,75.0,8.0,75.0
550,551,2019-03-08 23:48:52,Clouds,broken clouds,279.0,75.0,5.0,75.0
551,552,2019-03-09 00:23:36,Clouds,broken clouds,279.0,75.0,5.0,75.0
552,553,2019-03-09 00:53:46,Rain,light rain,279.0,75.0,4.0,75.0
553,554,2019-03-09 01:23:57,Rain,light rain,278.0,75.0,3.0,75.0
554,555,2019-03-09 01:53:43,Clouds,broken clouds,278.0,75.0,4.0,75.0
555,556,2019-03-09 02:24:17,Clouds,broken clouds,279.0,81.0,4.0,75.0
556,557,2019-03-09 02:53:48,Clouds,broken clouds,279.0,81.0,5.0,75.0
557,558,2019-03-09 03:23:39,Rain,light rain,279.0,81.0,5.0,75.0
558,559,2019-03-09 03:53:37,Rain,light rain,279.0,81.0,5.0,75.0
559,560,2019-03-09 04:18:52,Clouds,broken clouds,279.0,75.0,6.0,75.0
560,561,2019-03-09 04:53:49,Clouds,broken clouds,279.0,81.0,8.0,75.0
561,562,2019-03-09 05:23:53,Rain,moderate rain,279.0,81.0,7.0,75.0
562,563,2019-03-09 05:48:41,Rain,heavy intensity rain,279.0,81.0,7.0,75.0
563,564,2019-03-09 06:23:56,Rain,heavy intensity rain,279.0,81.0,7.0,75.0
564,565,2019-03-09 06:53:43,Rain,moderate rain,279.0,87.0,6.0,75.0
565,566,2019-03-09 07:18:45,Rain,light rain,279.0,87.0,6.0,75.0
566,567,2019-03-09 07:53:43,Rain,light intensity shower rain,279.0,81.0,7.0,20.0
567,568,2019-03-09 08:18:39,Rain,light intensity shower rain,279.0,81.0,7.0,20.0
568,569,2019-03-09 08:48:34,Rain,light rain,279.0,81.0,9.0,40.0
569,570,2019-03-09 09:22:47,Clouds,scattered clouds,279.0,81.0,9.0,40.0
570,571,2019-03-09 09:53:50,Clouds,few clouds,280.0,70.0,9.0,20.0
571,572,2019-03-09 10:23:47,Clouds,few clouds,280.0,70.0,11.0,20.0
572,573,2019-03-09 10:52:53,Rain,light rain,280.0,70.0,10.0,75.0
573,574,2019-03-09 11:23:51,Rain,light rain,281.0,70.0,10.0,40.0
574,575,2019-03-09 11:53:39,Clouds,scattered clouds,280.0,75.0,12.0,40.0
575,576,2019-03-09 12:23:48,Rain,light intensity shower rain,281.0,70.0,10.0,40.0
576,577,2019-03-09 12:53:42,Rain,light rain,281.0,75.0,12.0,40.0
577,578,2019-03-09 13:22:47,Rain,light rain,281.0,75.0,12.0,40.0
578,579,2019-03-09 13:53:35,Clouds,scattered clouds,281.0,70.0,11.0,40.0
579,580,2019-03-09 14:23:59,Clouds,scattered clouds,280.0,70.0,8.0,40.0
580,581,2019-03-09 14:53:40,Rain,light rain,280.0,70.0,7.0,40.0
581,582,2019-03-09 15:23:36,Rain,light rain,280.0,70.0,8.0,75.0
582,583,2019-03-09 15:53:33,Clouds,broken clouds,280.0,70.0,8.0,75.0
583,584,2019-03-09 16:18:48,Rain,light rain,280.0,65.0,9.0,75.0
584,585,2019-03-09 16:53:51,Rain,light rain,280.0,70.0,5.0,75.0
585,586,2019-03-09 17:23:48,Clouds,broken clouds,280.0,65.0,5.0,75.0
586,587,2019-03-09 17:48:45,Clouds,broken clouds,279.0,65.0,5.0,75.0
587,588,2019-03-09 18:23:49,Rain,light rain,279.0,65.0,5.0,75.0
588,589,2019-03-09 18:53:36,Rain,light rain,279.0,65.0,3.0,75.0
589,590,2019-03-09 19:22:49,Rain,moderate rain,279.0,65.0,3.0,75.0
590,591,2019-03-09 19:53:49,Rain,heavy intensity rain,278.0,70.0,2.0,75.0
591,592,2019-03-09 20:23:47,Rain,moderate rain,278.0,70.0,2.0,75.0
592,593,2019-03-09 20:53:33,Rain,light rain,278.0,75.0,2.0,75.0
593,594,2019-03-09 21:18:53,Rain,moderate rain,278.0,75.0,2.0,75.0
594,595,2019-03-09 21:53:46,Rain,moderate rain,277.0,80.0,3.0,75.0
595,596,2019-03-09 22:23:42,Rain,moderate rain,277.0,86.0,3.0,75.0
596,597,2019-03-09 22:48:40,Rain,moderate rain,277.0,86.0,3.0,75.0
597,598,2019-03-09 23:23:44,Rain,moderate rain,276.0,93.0,3.0,75.0
598,599,2019-03-09 23:53:43,Rain,moderate rain,276.0,93.0,3.0,75.0
599,600,2019-03-10 00:23:43,Rain,heavy intensity rain,276.0,93.0,3.0,75.0
600,601,2019-03-10 00:53:41,Rain,heavy intensity rain,276.0,93.0,3.0,75.0
601,602,2019-03-10 01:22:46,Rain,heavy intensity rain,276.0,93.0,3.0,75.0
602,603,2019-03-10 01:53:42,Rain,heavy intensity rain,275.0,93.0,2.0,75.0
603,604,2019-03-10 02:23:43,Rain,moderate rain,275.0,93.0,3.0,75.0
604,605,2019-03-10 02:53:54,Rain,moderate rain,275.0,93.0,2.0,75.0
605,606,2019-03-10 03:23:35,Rain,light rain,275.0,93.0,1.0,75.0
606,607,2019-03-10 03:48:32,Rain,light rain,275.0,93.0,1.0,75.0
607,608,2019-03-10 04:23:36,Rain,moderate rain,275.0,93.0,1.0,75.0
608,609,2019-03-10 04:52:53,Rain,light rain,275.0,93.0,4.0,75.0
609,610,2019-03-10 05:23:34,Rain,light rain,275.0,93.0,3.0,75.0
610,611,2019-03-10 05:53:51,Rain,light rain,275.0,93.0,3.0,75.0
611,612,2019-03-10 06:23:33,Rain,light rain,275.0,93.0,3.0,75.0
612,613,2019-03-10 06:53:34,Rain,light rain,276.0,93.0,7.0,75.0
613,614,2019-03-10 07:23:37,Rain,moderate rain,276.0,93.0,7.0,75.0
614,615,2019-03-10 07:53:49,Rain,moderate rain,276.0,86.0,7.0,75.0
615,616,2019-03-10 08:23:36,Clouds,scattered clouds,276.0,86.0,6.0,40.0
616,617,2019-03-10 08:53:45,Clouds,scattered clouds,276.0,86.0,7.0,40.0
617,618,2019-03-10 09:23:53,Clouds,few clouds,277.0,80.0,6.0,20.0
618,619,2019-03-10 09:53:49,Clouds,few clouds,277.0,80.0,6.0,20.0
619,620,2019-03-10 10:23:40,Clouds,scattered clouds,278.0,75.0,7.0,40.0
620,621,2019-03-10 10:53:47,Clouds,scattered clouds,278.0,99.99,8.0,40.0
621,622,2019-03-10 11:23:34,Rain,light rain,278.0,99.99,10.0,75.0
622,623,2019-03-10 11:48:47,Rain,shower rain,278.0,60.0,12.0,75.0
623,624,2019-03-10 12:15:32,Rain,light rain,279.0,60.0,11.0,20.0
624,625,2019-03-10 12:53:40,Clouds,scattered clouds,278.0,52.0,12.0,40.0
625,626,2019-03-10 13:22:47,Rain,moderate rain,278.0,52.0,12.0,40.0
626,627,2019-03-10 13:48:40,Rain,heavy intensity rain,278.0,52.0,12.0,40.0
627,628,2019-03-10 14:23:45,Rain,shower rain,278.0,56.0,8.0,40.0
628,629,2019-03-10 14:48:46,Rain,shower rain,277.0,56.0,8.0,40.0
629,630,2019-03-10 15:23:46,Rain,moderate rain,276.0,93.0,9.0,75.0
630,631,2019-03-10 15:53:46,Rain,light rain,276.0,93.0,9.0,75.0
631,632,2019-03-10 16:23:36,Rain,shower rain,276.0,86.0,7.0,75.0
632,633,2019-03-10 16:53:45,Rain,shower rain,276.0,99.99,7.0,75.0
633,634,2019-03-10 17:23:51,Rain,light rain,276.0,99.99,9.0,75.0
634,635,2019-03-10 17:53:47,Snow,snow,275.0,64.0,7.0,75.0
635,636,2019-03-10 18:23:45,Rain,light rain,275.0,64.0,7.0,75.0
636,637,2019-03-10 18:53:38,Rain,light rain,275.0,80.0,7.0,75.0
637,638,2019-03-10 19:23:36,Rain,light intensity shower rain,274.0,80.0,7.0,75.0
638,639,2019-03-10 19:53:40,Rain,light intensity shower rain,275.0,80.0,6.0,40.0
639,640,2019-03-10 20:23:42,Rain,light intensity shower rain,274.0,80.0,6.0,40.0
640,641,2019-03-10 20:48:51,Rain,moderate rain,274.0,80.0,7.0,40.0
641,642,2019-03-10 21:23:52,Rain,light rain,274.0,80.0,6.0,75.0
642,643,2019-03-10 21:53:38,Rain,light rain,274.0,80.0,6.0,75.0
643,644,2019-03-10 22:22:51,Rain,moderate rain,274.0,80.0,7.0,20.0
644,645,2019-03-10 22:53:40,Clouds,few clouds,274.0,74.0,6.0,20.0
645,646,2019-03-10 23:23:36,Clouds,few clouds,274.0,80.0,7.0,20.0
646,647,2019-03-10 23:53:36,Rain,light rain,274.0,86.0,7.0,75.0
647,648,2019-03-11 00:23:49,Rain,light rain,274.0,86.0,7.0,40.0
648,649,2019-03-11 00:53:49,Snow,snow,273.0,86.0,7.0,40.0
649,650,2019-03-11 01:22:46,Rain,moderate rain,274.0,86.0,7.0,40.0
650,651,2019-03-11 01:53:49,Snow,shower sleet,274.0,99.99,6.0,75.0
651,652,2019-03-11 02:23:43,Snow,shower sleet,274.0,99.99,6.0,75.0
652,653,2019-03-11 02:53:42,Snow,shower sleet,274.0,99.99,7.0,75.0
653,654,2019-03-11 03:23:43,Rain,light rain,274.0,86.0,6.0,20.0
654,655,2019-03-11 03:52:55,Rain,light rain,274.0,86.0,6.0,20.0
655,656,2019-03-11 04:23:48,Snow,snow,274.0,86.0,5.0,20.0
656,657,2019-03-11 04:53:42,Clouds,few clouds,274.0,86.0,6.0,20.0
657,658,2019-03-11 05:23:48,Clouds,few clouds,274.0,86.0,8.0,20.0
658,659,2019-03-11 05:52:54,Rain,light rain,274.0,86.0,8.0,20.0
659,660,2019-03-11 06:23:43,Rain,light rain,274.0,86.0,6.0,20.0
660,661,2019-03-11 06:53:32,Clouds,few clouds,274.0,80.0,3.0,20.0
661,662,2019-03-11 07:22:50,Clouds,few clouds,275.0,80.0,3.0,20.0
662,663,2019-03-11 07:52:47,Rain,moderate rain,275.0,80.0,5.0,20.0
663,664,2019-03-11 08:22:48,Rain,heavy intensity rain,275.0,80.0,5.0,20.0
664,665,2019-03-11 08:53:34,Rain,heavy intensity rain,277.0,99.99,4.0,20.0
665,666,2019-03-11 09:22:47,Rain,moderate rain,277.0,80.0,5.0,40.0
666,667,2019-03-11 09:53:46,Clouds,scattered clouds,278.0,80.0,5.0,40.0
667,668,2019-03-11 10:23:49,Clouds,scattered clouds,278.0,75.0,5.0,40.0
668,669,2019-03-11 10:52:52,Rain,light rain,279.0,75.0,4.0,75.0
669,670,2019-03-11 11:18:46,Rain,light rain,279.0,70.0,4.0,75.0
670,671,2019-03-11 11:53:48,Clouds,broken clouds,280.0,75.0,5.0,75.0
671,672,2019-03-11 12:23:35,Clouds,broken clouds,281.0,70.0,4.0,75.0
672,673,2019-03-11 12:52:47,Clouds,broken clouds,281.0,70.0,4.0,75.0
673,674,2019-03-11 13:23:54,Rain,light rain,281.0,65.0,5.0,75.0
674,675,2019-03-11 13:53:37,Rain,light rain,281.0,65.0,6.0,75.0
675,676,2019-03-11 14:23:46,Clouds,broken clouds,281.0,61.0,5.0,75.0
676,677,2019-03-11 14:53:34,Clouds,broken clouds,281.0,61.0,5.0,75.0
677,678,2019-03-11 15:18:51,Clouds,broken clouds,282.0,61.0,5.0,75.0
678,679,2019-03-11 15:53:39,Rain,light rain,281.0,61.0,6.0,75.0
679,680,2019-03-11 16:18:52,Rain,moderate rain,282.0,66.0,7.0,75.0
680,681,2019-03-11 16:53:41,Clouds,broken clouds,281.0,66.0,7.0,75.0
681,682,2019-03-11 17:23:00,Clouds,broken clouds,281.0,66.0,8.0,75.0
682,683,2019-03-11 17:53:41,Rain,light intensity shower rain,280.0,66.0,8.0,75.0
683,684,2019-03-11 18:22:52,Rain,light intensity shower rain,280.0,70.0,8.0,75.0
684,685,2019-03-11 18:48:50,Rain,moderate rain,280.0,75.0,9.0,75.0
685,686,2019-03-11 19:24:51,Rain,moderate rain,280.0,81.0,9.0,75.0
686,687,2019-03-11 19:53:42,Rain,light rain,280.0,75.0,10.0,75.0
687,688,2019-03-11 20:18:34,Rain,moderate rain,280.0,75.0,10.0,75.0
688,689,2019-03-11 20:48:38,Rain,moderate rain,280.0,81.0,9.0,75.0
689,690,2019-03-11 21:23:40,Rain,light rain,281.0,76.0,10.0,75.0
690,691,2019-03-11 21:53:37,Rain,light rain,281.0,76.0,10.0,75.0
691,692,2019-03-11 22:23:48,Rain,light rain,281.0,81.0,11.0,75.0
692,693,2019-03-11 22:53:52,Rain,light rain,282.0,81.0,11.0,75.0
693,694,2019-03-11 23:23:52,Rain,light rain,282.0,87.0,8.0,75.0
694,695,2019-03-11 23:53:53,Rain,light rain,283.0,81.0,9.0,75.0
695,696,2019-03-12 00:23:39,Rain,light rain,283.0,76.0,10.0,75.0
696,697,2019-03-12 00:53:33,Rain,moderate rain,283.0,81.0,10.0,75.0
697,698,2019-03-12 01:18:36,Rain,heavy intensity rain,283.0,81.0,10.0,75.0
698,699,2019-03-12 01:48:45,Rain,heavy intensity rain,282.0,81.0,10.0,75.0
699,700,2019-03-12 02:23:40,Rain,moderate rain,279.0,87.0,11.0,75.0
700,701,2019-03-12 02:48:41,Rain,moderate rain,279.0,93.0,7.0,75.0
701,702,2019-03-12 03:23:46,Rain,moderate rain,279.0,87.0,9.0,75.0
702,703,2019-03-12 03:53:50,Rain,moderate rain,278.0,87.0,9.0,75.0
703,704,2019-03-12 04:24:55,Rain,moderate rain,278.0,87.0,7.0,75.0
704,705,2019-03-12 04:53:39,Rain,light rain,277.0,86.0,8.0,75.0
705,706,2019-03-12 05:23:43,Rain,light rain,277.0,86.0,7.0,75.0
706,707,2019-03-12 05:53:38,Rain,light rain,277.0,86.0,9.0,75.0
707,708,2019-03-12 06:23:40,Rain,light rain,277.0,86.0,8.0,75.0
708,709,2019-03-12 06:52:49,Rain,moderate rain,277.0,86.0,7.0,75.0
709,710,2019-03-12 07:23:47,Rain,moderate rain,277.0,86.0,5.0,75.0
710,711,2019-03-12 07:53:43,Rain,light rain,277.0,86.0,5.0,75.0
711,712,2019-03-12 08:23:52,Rain,light rain,276.0,86.0,5.0,75.0
712,713,2019-03-12 08:53:40,Rain,light rain,277.0,86.0,4.0,75.0
713,714,2019-03-12 09:23:54,Clouds,broken clouds,277.0,86.0,5.0,75.0
714,715,2019-03-12 09:53:33,Rain,moderate rain,277.0,86.0,5.0,75.0
715,716,2019-03-12 10:23:37,Rain,light intensity shower rain,277.0,86.0,6.0,75.0
716,717,2019-03-12 10:53:43,Rain,moderate rain,278.0,86.0,5.0,75.0
717,718,2019-03-12 11:23:41,Rain,light rain,278.0,80.0,5.0,75.0
718,719,2019-03-12 11:52:51,Rain,light intensity shower rain,280.0,70.0,6.0,40.0
719,720,2019-03-12 12:23:50,Rain,light intensity shower rain,280.0,70.0,6.0,40.0
720,721,2019-03-12 12:53:48,Rain,light intensity shower rain,279.0,81.0,5.0,40.0
721,722,2019-03-12 13:23:42,Clouds,scattered clouds,279.0,81.0,9.0,40.0
722,723,2019-03-12 13:48:37,Clouds,scattered clouds,279.0,81.0,9.0,40.0
723,724,2019-03-12 14:23:39,Rain,light rain,280.0,95.0,10.0,40.0
724,725,2019-03-12 14:53:42,Rain,light rain,280.0,95.0,9.0,40.0
725,726,2019-03-12 15:18:34,Clouds,scattered clouds,280.0,95.0,9.0,40.0
726,727,2019-03-12 15:52:57,Rain,light rain,280.0,95.0,10.0,40.0
727,728,2019-03-12 16:23:32,Rain,light rain,280.0,56.0,11.0,40.0
728,729,2019-03-12 16:53:50,Rain,moderate rain,280.0,97.0,12.0,75.0
729,730,2019-03-12 17:23:39,Clouds,broken clouds,280.0,65.0,10.0,75.0
730,731,2019-03-12 17:53:35,Clouds,broken clouds,279.0,70.0,10.0,75.0
731,732,2019-03-12 18:23:44,Clouds,broken clouds,279.0,70.0,10.0,75.0
732,733,2019-03-12 18:52:48,Rain,light rain,279.0,70.0,12.0,75.0
733,734,2019-03-12 19:23:54,Rain,light rain,279.0,81.0,12.0,75.0
734,735,2019-03-12 19:53:35,Rain,light intensity shower rain,278.0,81.0,10.0,75.0
735,736,2019-03-12 20:23:41,Rain,moderate rain,279.0,75.0,9.0,75.0
736,737,2019-03-12 20:53:33,Rain,light intensity shower rain,279.0,75.0,10.0,75.0
737,738,2019-03-12 21:23:41,Rain,light intensity shower rain,279.0,75.0,10.0,75.0
738,739,2019-03-12 21:53:47,Rain,light intensity shower rain,279.0,75.0,10.0,75.0
739,740,2019-03-12 22:23:52,Clouds,broken clouds,279.0,75.0,11.0,75.0
740,741,2019-03-12 22:53:38,Clouds,broken clouds,279.0,75.0,11.0,75.0
741,742,2019-03-12 23:23:38,Rain,moderate rain,278.0,75.0,10.0,75.0
742,743,2019-03-12 23:53:38,Rain,light intensity shower rain,279.0,75.0,12.0,75.0
743,744,2019-03-13 00:18:46,Rain,light intensity shower rain,279.0,81.0,13.0,75.0
744,745,2019-03-13 00:48:36,Rain,light intensity shower rain,278.0,81.0,13.0,75.0
745,746,2019-03-13 01:23:37,Rain,light intensity shower rain,278.0,81.0,13.0,75.0
746,747,2019-03-13 01:53:53,Rain,moderate rain,278.0,86.0,11.0,75.0
747,748,2019-03-13 02:23:39,Rain,light intensity shower rain,278.0,87.0,11.0,75.0
748,749,2019-03-13 02:53:41,Rain,light rain,278.0,81.0,11.0,75.0
749,750,2019-03-13 03:23:36,Rain,light intensity shower rain,279.0,81.0,14.0,75.0
750,751,2019-03-13 03:48:55,Rain,light intensity shower rain,278.0,81.0,14.0,75.0
751,752,2019-03-13 04:23:49,Rain,light rain,279.0,81.0,15.0,75.0
752,753,2019-03-13 04:53:34,Rain,light intensity shower rain,279.0,81.0,13.0,75.0
753,754,2019-03-13 05:23:40,Rain,light rain,278.0,81.0,14.0,75.0
754,755,2019-03-13 05:53:38,Rain,light rain,279.0,81.0,14.0,75.0
755,756,2019-03-13 06:23:50,Rain,light intensity shower rain,278.0,81.0,14.0,75.0
756,757,2019-03-13 06:53:33,Rain,light intensity shower rain,278.0,81.0,14.0,75.0
757,758,2019-03-13 07:23:36,Rain,light rain,278.0,75.0,15.0,75.0
758,759,2019-03-13 07:53:39,Rain,light rain,278.0,81.0,15.0,40.0
759,760,2019-03-13 08:23:33,Rain,light rain,278.0,81.0,15.0,75.0
760,761,2019-03-13 08:53:36,Rain,light rain,279.0,81.0,12.0,40.0
761,762,2019-03-13 09:23:35,Clouds,few clouds,279.0,81.0,14.0,20.0
762,763,2019-03-13 09:53:53,Rain,light rain,280.0,81.0,14.0,20.0
763,764,2019-03-13 10:23:54,Rain,light rain,280.0,75.0,12.0,20.0
764,765,2019-03-13 10:53:50,Clouds,few clouds,281.0,70.0,12.0,20.0
765,766,2019-03-13 11:23:36,Clouds,few clouds,281.0,65.0,14.0,20.0
766,767,2019-03-13 11:53:50,Rain,light rain,282.0,65.0,14.0,20.0
767,768,2019-03-13 12:23:34,Rain,light rain,282.0,57.0,14.0,40.0
768,769,2019-03-13 12:53:45,Clouds,scattered clouds,282.0,61.0,13.0,40.0
769,770,2019-03-13 13:22:47,Rain,light rain,282.0,61.0,13.0,40.0
770,771,2019-03-13 13:53:38,Rain,light rain,282.0,66.0,12.0,75.0
771,772,2019-03-13 14:23:52,Rain,light intensity shower rain,282.0,75.0,12.0,75.0
772,773,2019-03-13 14:48:44,Rain,shower rain,282.0,76.0,13.0,75.0
773,774,2019-03-13 15:23:40,Rain,light intensity shower rain,281.0,70.0,13.0,75.0
774,775,2019-03-13 15:53:43,Rain,light intensity shower rain,281.0,70.0,13.0,75.0
775,776,2019-03-13 16:18:37,Rain,shower rain,281.0,66.0,13.0,75.0
776,777,2019-03-13 16:48:38,Rain,shower rain,280.0,70.0,10.0,75.0
777,778,2019-03-13 17:23:37,Rain,light intensity shower rain,280.0,81.0,8.0,75.0
778,779,2019-03-13 17:48:51,Rain,light rain,280.0,75.0,6.0,75.0
779,780,2019-03-13 18:18:33,Rain,light rain,280.0,75.0,6.0,75.0
780,781,2019-03-13 18:53:31,Rain,light rain,280.0,75.0,8.0,75.0
781,782,2019-03-13 19:23:32,Clouds,broken clouds,280.0,81.0,6.0,75.0
782,783,2019-03-13 19:53:36,Drizzle,light intensity drizzle,280.0,81.0,5.0,75.0
783,784,2019-03-13 20:23:42,Drizzle,light intensity drizzle,280.0,81.0,5.0,75.0
784,785,2019-03-13 20:53:50,Drizzle,light intensity drizzle rain,280.0,87.0,7.0,75.0
785,786,2019-03-13 21:23:46,Drizzle,light intensity drizzle rain,281.0,81.0,7.0,75.0
786,787,2019-03-13 21:53:50,Drizzle,light intensity drizzle rain,281.0,81.0,7.0,75.0
787,788,2019-03-13 22:23:47,Drizzle,light intensity drizzle rain,281.0,81.0,8.0,75.0
788,789,2019-03-13 22:48:52,Rain,light rain,281.0,81.0,8.0,75.0
789,790,2019-03-13 23:23:50,Rain,light rain,281.0,81.0,7.0,75.0
790,791,2019-03-13 23:53:34,Rain,light rain,280.0,87.0,8.0,75.0
791,792,2019-03-14 00:23:36,Rain,light rain,281.0,87.0,9.0,75.0
792,793,2019-03-14 00:53:36,Rain,light rain,281.0,87.0,8.0,75.0
793,794,2019-03-14 01:23:43,Rain,light rain,281.0,87.0,7.0,75.0
794,795,2019-03-14 01:48:38,Rain,light rain,281.0,87.0,7.0,75.0
795,796,2019-03-14 02:18:42,Rain,light rain,281.0,93.0,8.0,75.0
796,797,2019-03-14 02:53:42,Rain,light rain,282.0,87.0,9.0,75.0
797,798,2019-03-14 03:23:42,Rain,light rain,282.0,93.0,10.0,75.0
798,799,2019-03-14 03:53:35,Rain,light rain,282.0,93.0,10.0,75.0
799,800,2019-03-14 04:23:34,Rain,moderate rain,282.0,93.0,9.0,75.0
800,801,2019-03-14 04:53:35,Rain,moderate rain,282.0,87.0,10.0,75.0
801,802,2019-03-14 05:23:47,Rain,light rain,282.0,87.0,9.0,75.0
802,803,2019-03-14 05:53:34,Rain,light rain,283.0,93.0,13.0,75.0
803,804,2019-03-14 06:23:45,Rain,light rain,282.0,87.0,10.0,75.0
804,805,2019-03-14 06:53:47,Rain,moderate rain,282.0,87.0,13.0,75.0
805,806,2019-03-14 07:23:38,Rain,moderate rain,282.0,87.0,13.0,75.0
806,807,2019-03-14 07:53:44,Rain,light rain,282.0,81.0,11.0,40.0
807,808,2019-03-14 08:23:33,Rain,light rain,282.0,76.0,13.0,40.0
808,809,2019-03-14 08:53:34,Rain,light intensity shower rain,282.0,81.0,10.0,75.0
809,810,2019-03-14 09:23:52,Rain,light intensity shower rain,282.0,87.0,8.0,75.0
810,811,2019-03-14 09:53:50,Rain,light intensity shower rain,282.0,87.0,8.0,75.0
811,812,2019-03-14 10:23:48,Clouds,broken clouds,282.0,76.0,11.0,75.0
812,813,2019-03-14 10:53:46,Clouds,broken clouds,283.0,71.0,11.0,75.0
813,814,2019-03-14 11:23:39,Clouds,broken clouds,283.0,70.0,13.0,75.0
814,815,2019-03-14 11:48:46,Rain,light intensity shower rain,282.0,76.0,10.0,75.0
815,816,2019-03-14 12:23:40,Rain,light rain,283.0,70.0,14.0,40.0
816,817,2019-03-14 12:53:36,Clouds,scattered clouds,283.0,71.0,10.0,40.0
817,818,2019-03-14 13:23:46,Rain,light intensity shower rain,283.0,66.0,12.0,75.0
818,819,2019-03-14 13:53:51,Rain,light intensity shower rain,283.0,66.0,11.0,75.0
819,820,2019-03-14 14:23:45,Clouds,broken clouds,283.0,81.0,11.0,75.0
820,821,2019-03-14 14:53:41,Clouds,broken clouds,283.0,81.0,10.0,75.0
821,822,2019-03-14 15:23:39,Clouds,broken clouds,283.0,61.0,10.0,75.0
822,823,2019-03-14 15:48:48,Clouds,broken clouds,283.0,61.0,10.0,75.0
823,824,2019-03-14 16:23:40,Clouds,broken clouds,283.0,66.0,11.0,75.0
824,825,2019-03-14 16:53:32,Clouds,broken clouds,283.0,66.0,10.0,75.0
825,826,2019-03-14 17:23:36,Clouds,broken clouds,282.0,61.0,10.0,75.0
826,827,2019-03-14 17:53:44,Clouds,broken clouds,282.0,70.0,8.0,75.0
827,828,2019-03-14 18:23:43,Clouds,broken clouds,282.0,70.0,8.0,75.0
828,829,2019-03-14 18:53:50,Rain,light rain,281.0,70.0,9.0,75.0
829,830,2019-03-14 19:23:40,Rain,light rain,281.0,70.0,9.0,75.0
830,831,2019-03-14 19:53:42,Rain,light rain,281.0,81.0,4.0,75.0
831,832,2019-03-14 20:23:39,Rain,light rain,280.0,87.0,3.0,75.0
832,833,2019-03-14 20:53:33,Rain,light rain,280.0,87.0,3.0,75.0
833,834,2019-03-14 21:23:43,Rain,light rain,281.0,93.0,3.0,75.0
834,835,2019-03-14 21:53:37,Rain,moderate rain,282.0,93.0,3.0,75.0
835,836,2019-03-14 22:23:53,Rain,moderate rain,282.0,93.0,2.0,75.0
836,837,2019-03-14 22:53:34,Rain,light rain,283.0,93.0,2.0,75.0
837,838,2019-03-14 23:18:39,Rain,light rain,283.0,93.0,5.0,75.0
838,839,2019-03-14 23:53:49,Rain,light rain,284.0,87.0,6.0,75.0
839,840,2019-03-15 00:23:42,Rain,light rain,284.0,93.0,9.0,75.0
840,841,2019-03-15 00:53:32,Rain,light rain,284.0,93.0,10.0,75.0
841,842,2019-03-15 01:23:53,Rain,light rain,284.0,93.0,10.0,75.0
842,843,2019-03-15 01:53:37,Rain,light rain,284.0,93.0,10.0,75.0
843,844,2019-03-15 02:23:45,Rain,light rain,284.0,87.0,10.0,75.0
844,845,2019-03-15 02:53:52,Rain,light rain,284.0,87.0,11.0,75.0
845,846,2019-03-15 03:18:33,Rain,light rain,284.0,93.0,12.0,75.0
846,847,2019-03-15 03:53:48,Rain,light rain,284.0,93.0,12.0,75.0
847,848,2019-03-15 04:23:46,Drizzle,light intensity drizzle rain,283.0,99.99,13.0,75.0
848,849,2019-03-15 04:53:43,Drizzle,light intensity drizzle rain,283.0,93.0,12.0,75.0
849,850,2019-03-15 05:23:50,Drizzle,light intensity drizzle,283.0,81.0,10.0,75.0
850,851,2019-03-15 05:53:41,Rain,light rain,282.0,81.0,10.0,40.0
851,852,2019-03-15 06:23:42,Clouds,scattered clouds,282.0,81.0,10.0,40.0
852,853,2019-03-15 06:48:47,Clouds,scattered clouds,282.0,81.0,10.0,40.0
853,854,2019-03-15 07:23:36,Clouds,scattered clouds,281.0,81.0,10.0,40.0
854,855,2019-03-15 07:53:53,Clouds,scattered clouds,281.0,81.0,10.0,40.0
855,856,2019-03-15 08:23:32,Drizzle,light intensity drizzle,281.0,81.0,10.0,75.0
856,857,2019-03-15 08:53:52,Clouds,broken clouds,281.0,81.0,7.0,75.0
857,858,2019-03-15 09:23:40,Clouds,broken clouds,282.0,76.0,9.0,75.0
858,859,2019-03-15 09:53:39,Clouds,broken clouds,282.0,76.0,9.0,75.0
859,860,2019-03-15 10:23:48,Clouds,broken clouds,282.0,76.0,10.0,75.0
860,861,2019-03-15 10:53:44,Rain,light intensity shower rain,282.0,76.0,11.0,75.0
861,862,2019-03-15 11:23:44,Rain,light intensity shower rain,282.0,76.0,10.0,75.0
862,863,2019-03-15 11:53:35,Clouds,broken clouds,282.0,66.0,14.0,75.0
863,864,2019-03-15 12:23:40,Clouds,broken clouds,282.0,66.0,13.0,75.0
864,865,2019-03-15 12:53:51,Clouds,broken clouds,283.0,66.0,13.0,75.0
865,866,2019-03-15 13:23:43,Clouds,broken clouds,283.0,57.0,13.0,75.0
866,867,2019-03-15 13:53:40,Rain,shower rain,283.0,70.0,13.0,75.0
867,868,2019-03-15 14:18:49,Rain,shower rain,283.0,61.0,12.0,75.0
868,869,2019-03-15 14:53:51,Rain,shower rain,283.0,70.0,10.0,75.0
869,870,2019-03-15 15:23:44,Rain,light intensity shower rain,282.0,61.0,12.0,75.0
870,871,2019-03-15 15:53:39,Rain,light intensity shower rain,282.0,61.0,12.0,75.0
871,872,2019-03-15 16:23:40,Rain,light intensity shower rain,282.0,57.0,11.0,75.0
872,873,2019-03-15 16:53:55,Rain,light intensity shower rain,281.0,57.0,9.0,75.0
873,874,2019-03-15 17:23:44,Clouds,broken clouds,281.0,61.0,6.0,75.0
874,875,2019-03-15 17:46:14,Clouds,broken clouds,281.0,61.0,5.0,75.0
875,876,2019-03-15 18:16:06,Clouds,broken clouds,281.0,61.0,5.0,75.0
876,877,2019-03-15 18:46:38,Rain,light intensity shower rain,280.0,65.0,5.0,75.0
877,878,2019-03-15 19:16:51,Rain,light rain,280.0,65.0,3.0,75.0
878,879,2019-03-15 19:46:54,Rain,light rain,280.0,75.0,2.0,75.0
879,880,2019-03-15 20:16:40,Rain,light rain,279.0,75.0,3.0,75.0
880,881,2019-03-15 20:46:31,Rain,light rain,279.0,81.0,3.0,75.0
881,882,2019-03-15 21:23:33,Rain,light rain,279.0,87.0,2.0,75.0
882,883,2019-03-15 21:53:40,Rain,light rain,278.0,87.0,2.0,75.0
883,884,2019-03-15 22:23:53,Rain,moderate rain,278.0,87.0,3.0,75.0
884,885,2019-03-15 22:53:50,Rain,moderate rain,278.0,87.0,2.0,75.0
885,886,2019-03-15 23:23:58,Rain,light rain,278.0,93.0,2.0,75.0
886,887,2019-03-15 23:53:52,Rain,moderate rain,278.0,93.0,2.0,75.0
887,888,2019-03-16 00:23:37,Rain,moderate rain,278.0,99.99,4.0,75.0
888,889,2019-03-16 00:53:36,Rain,moderate rain,278.0,99.99,5.0,75.0
889,890,2019-03-16 01:17:09,Rain,moderate rain,280.0,93.0,4.0,75.0
890,891,2019-03-16 01:53:35,Rain,moderate rain,281.0,99.99,3.0,75.0
891,892,2019-03-16 02:23:49,Rain,light rain,283.0,93.0,2.0,75.0
892,893,2019-03-16 02:48:35,Rain,light rain,283.0,93.0,6.0,75.0
893,894,2019-03-16 03:23:42,Rain,light rain,283.0,87.0,7.0,75.0
894,895,2019-03-16 03:53:46,Rain,moderate rain,283.0,87.0,7.0,75.0
895,896,2019-03-16 04:23:44,Rain,moderate rain,283.0,87.0,7.0,75.0
896,897,2019-03-16 04:53:38,Rain,moderate rain,283.0,87.0,7.0,75.0
897,898,2019-03-16 05:24:20,Rain,moderate rain,283.0,93.0,8.0,75.0
898,899,2019-03-16 05:53:36,Rain,moderate rain,283.0,87.0,8.0,75.0
899,900,2019-03-16 06:23:44,Rain,moderate rain,283.0,87.0,8.0,75.0
900,901,2019-03-16 06:53:48,Rain,moderate rain,283.0,93.0,8.0,75.0
901,902,2019-03-16 07:23:52,Rain,moderate rain,283.0,93.0,8.0,75.0
902,903,2019-03-16 07:53:40,Rain,moderate rain,283.0,93.0,9.0,75.0
903,904,2019-03-16 08:23:39,Rain,moderate rain,283.0,87.0,9.0,75.0
904,905,2019-03-16 08:53:44,Rain,moderate rain,284.0,87.0,9.0,75.0
905,906,2019-03-16 09:23:50,Rain,moderate rain,284.0,87.0,9.0,75.0
906,907,2019-03-16 09:53:54,Rain,moderate rain,284.0,87.0,9.0,75.0
907,908,2019-03-16 10:23:34,Rain,moderate rain,284.0,87.0,9.0,75.0
908,909,2019-03-16 10:53:35,Rain,moderate rain,284.0,87.0,9.0,75.0
909,910,2019-03-16 11:23:36,Rain,moderate rain,284.0,87.0,9.0,75.0
910,911,2019-03-16 11:53:44,Rain,moderate rain,284.0,93.0,8.0,75.0
911,912,2019-03-16 12:23:38,Rain,moderate rain,284.0,87.0,8.0,75.0
912,913,2019-03-16 12:48:47,Rain,moderate rain,283.0,81.0,7.0,75.0
913,914,2019-03-16 13:23:38,Rain,light rain,283.0,81.0,8.0,75.0
914,915,2019-03-16 13:53:41,Rain,light rain,282.0,81.0,8.0,75.0
915,916,2019-03-16 14:23:55,Rain,light rain,280.0,87.0,11.0,75.0
916,917,2019-03-16 14:53:35,Rain,light rain,280.0,81.0,12.0,75.0
917,918,2019-03-16 15:23:36,Clouds,broken clouds,280.0,81.0,13.0,75.0
918,919,2019-03-16 15:52:53,Clouds,broken clouds,280.0,81.0,13.0,75.0
919,920,2019-03-16 16:23:45,Clouds,broken clouds,279.0,75.0,11.0,75.0
920,921,2019-03-16 16:53:43,Rain,light rain,279.0,75.0,8.0,75.0
921,922,2019-03-16 17:23:49,Rain,light rain,279.0,75.0,8.0,75.0
922,923,2019-03-16 17:53:52,Rain,light rain,278.0,81.0,8.0,75.0
923,924,2019-03-16 18:23:48,Rain,light rain,278.0,81.0,8.0,75.0
924,925,2019-03-16 18:54:53,Clouds,broken clouds,278.0,86.0,8.0,75.0
925,926,2019-03-16 19:22:53,Clouds,broken clouds,277.0,86.0,8.0,75.0
926,927,2019-03-16 19:53:41,Clouds,broken clouds,277.0,86.0,6.0,75.0
927,928,2019-03-16 20:23:39,Rain,light intensity shower rain,276.0,86.0,6.0,75.0
928,929,2019-03-16 20:53:42,Rain,light intensity shower rain,276.0,86.0,5.0,75.0
929,930,2019-03-16 21:23:37,Clouds,scattered clouds,276.0,86.0,7.0,40.0
930,931,2019-03-16 21:53:47,Clouds,scattered clouds,276.0,86.0,7.0,40.0
931,932,2019-03-16 22:23:37,Clouds,few clouds,275.0,86.0,6.0,20.0
932,933,2019-03-16 22:53:35,Clouds,few clouds,275.0,86.0,7.0,20.0
933,934,2019-03-16 23:23:48,Clouds,few clouds,275.0,86.0,6.0,20.0
934,935,2019-03-16 23:53:51,Clouds,scattered clouds,275.0,93.0,7.0,40.0
935,936,2019-03-17 00:23:43,Rain,light intensity shower rain,275.0,93.0,7.0,75.0
936,937,2019-03-17 00:53:46,Clouds,scattered clouds,275.0,99.99,7.0,40.0
937,938,2019-03-17 01:23:41,Clouds,few clouds,275.0,99.99,6.0,20.0
938,939,2019-03-17 01:53:41,Clouds,few clouds,275.0,99.99,8.0,20.0
939,940,2019-03-17 02:23:43,Clouds,few clouds,275.0,99.99,6.0,20.0
940,941,2019-03-17 02:54:47,Rain,light rain,275.0,99.99,6.0,20.0
941,942,2019-03-17 03:23:38,Rain,light rain,274.0,99.99,5.0,20.0
942,943,2019-03-17 03:53:47,Clouds,few clouds,274.0,99.99,5.0,20.0
943,944,2019-03-17 04:23:45,Clouds,few clouds,274.0,99.99,5.0,20.0
944,945,2019-03-17 04:53:37,Clouds,few clouds,274.0,99.99,7.0,20.0
945,946,2019-03-17 05:23:49,Clouds,few clouds,274.0,86.0,7.0,20.0
946,947,2019-03-17 05:53:35,Clouds,few clouds,274.0,86.0,5.0,20.0
947,948,2019-03-17 06:23:33,Rain,light rain,274.0,86.0,6.0,20.0
948,949,2019-03-17 06:53:35,Rain,light intensity shower rain,274.0,86.0,5.0,40.0
949,950,2019-03-17 07:23:49,Rain,shower rain,274.0,86.0,6.0,20.0
950,951,2019-03-17 07:53:44,Clouds,scattered clouds,274.0,99.99,5.0,40.0
951,952,2019-03-17 08:23:54,Clouds,scattered clouds,275.0,99.99,6.0,40.0
952,953,2019-03-17 08:53:34,Clouds,scattered clouds,276.0,99.99,6.0,40.0
953,954,2019-03-17 09:23:55,Clouds,scattered clouds,277.0,86.0,6.0,40.0
954,955,2019-03-17 09:53:44,Clouds,scattered clouds,277.0,86.0,6.0,40.0
955,956,2019-03-17 10:23:46,Clouds,scattered clouds,278.0,75.0,6.0,40.0
956,957,2019-03-17 10:53:54,Clouds,broken clouds,278.0,80.0,8.0,75.0
957,958,2019-03-17 11:22:53,Rain,light intensity shower rain,278.0,80.0,11.0,75.0
958,959,2019-03-17 11:53:51,Rain,light intensity shower rain,279.0,80.0,10.0,75.0
959,960,2019-03-17 12:23:55,Clouds,broken clouds,280.0,75.0,9.0,75.0
960,961,2019-03-17 12:53:40,Clouds,broken clouds,281.0,70.0,11.0,75.0
961,962,2019-03-17 13:23:40,Clouds,scattered clouds,282.0,66.0,12.0,40.0
962,963,2019-03-17 13:53:39,Clouds,broken clouds,282.0,70.0,10.0,75.0
963,964,2019-03-17 14:23:35,Clouds,broken clouds,282.0,61.0,9.0,75.0
964,965,2019-03-17 14:53:38,Clouds,scattered clouds,283.0,66.0,8.0,40.0
965,966,2019-03-17 15:23:44,Clouds,scattered clouds,283.0,57.0,11.0,40.0
966,967,2019-03-17 15:53:40,Rain,light rain,282.0,57.0,11.0,40.0
967,968,2019-03-17 16:23:35,Rain,light rain,283.0,61.0,11.0,40.0
968,969,2019-03-17 16:53:44,Rain,light intensity shower rain,282.0,61.0,10.0,75.0
969,970,2019-03-17 17:23:44,Rain,light intensity shower rain,281.0,65.0,10.0,75.0
970,971,2019-03-17 17:53:41,Rain,light intensity shower rain,280.0,65.0,10.0,75.0
971,972,2019-03-17 18:23:37,Clouds,broken clouds,280.0,75.0,7.0,75.0
972,973,2019-03-17 18:53:48,Clouds,broken clouds,280.0,75.0,5.0,75.0
973,974,2019-03-17 19:23:57,Rain,shower rain,280.0,70.0,7.0,75.0
974,975,2019-03-17 19:53:52,Rain,shower rain,279.0,75.0,7.0,40.0
975,976,2019-03-17 20:23:44,Clouds,scattered clouds,278.0,75.0,7.0,40.0
976,977,2019-03-17 20:53:37,Clouds,scattered clouds,278.0,75.0,6.0,40.0
977,978,2019-03-17 21:28:36,Clouds,scattered clouds,278.0,80.0,6.0,40.0
978,979,2019-03-17 21:53:37,Clouds,scattered clouds,278.0,80.0,6.0,40.0
979,980,2019-03-17 22:23:55,Clouds,scattered clouds,277.0,80.0,8.0,40.0
980,981,2019-03-17 22:53:47,Clouds,scattered clouds,277.0,86.0,7.0,40.0
981,982,2019-03-17 23:23:47,Clouds,scattered clouds,278.0,86.0,6.0,40.0
982,983,2019-03-17 23:53:49,Clouds,broken clouds,277.0,86.0,7.0,75.0
983,984,2019-03-18 00:23:37,Clouds,broken clouds,277.0,86.0,6.0,75.0
984,985,2019-03-18 00:53:53,Clouds,broken clouds,277.0,86.0,6.0,75.0
985,986,2019-03-18 01:23:41,Clouds,broken clouds,277.0,86.0,6.0,75.0
986,987,2019-03-18 01:53:55,Clouds,broken clouds,278.0,80.0,6.0,75.0
987,988,2019-03-18 02:23:36,Clouds,broken clouds,278.0,86.0,5.0,75.0
988,989,2019-03-18 02:53:43,Clouds,broken clouds,278.0,86.0,4.0,75.0
989,990,2019-03-18 03:23:39,Rain,light rain,278.0,86.0,5.0,75.0
990,991,2019-03-18 03:53:52,Rain,light rain,278.0,86.0,5.0,75.0
991,992,2019-03-18 04:23:43,Rain,light rain,278.0,86.0,6.0,75.0
992,993,2019-03-18 04:53:37,Rain,light rain,278.0,86.0,4.0,75.0
993,994,2019-03-18 05:23:51,Rain,light rain,278.0,86.0,4.0,75.0
994,995,2019-03-18 05:53:46,Rain,light rain,278.0,93.0,4.0,75.0
995,996,2019-03-18 06:23:43,Rain,light rain,278.0,93.0,4.0,75.0
996,997,2019-03-18 06:53:38,Rain,light rain,278.0,93.0,4.0,75.0
997,998,2019-03-18 07:23:34,Rain,light rain,278.0,93.0,4.0,75.0
998,999,2019-03-18 07:53:38,Rain,light rain,278.0,93.0,4.0,75.0
999,1000,2019-03-18 08:23:51,Drizzle,light intensity drizzle,278.0,87.0,4.0,75.0
1000,1001,2019-03-18 08:58:39,Clouds,broken clouds,279.0,93.0,4.0,75.0
1001,1002,2019-03-18 09:23:45,Drizzle,light intensity drizzle,279.0,87.0,5.0,90.0
1002,1003,2019-03-18 09:53:52,Drizzle,light intensity drizzle,279.0,87.0,5.0,90.0
1003,1004,2019-03-18 10:23:54,Drizzle,light intensity drizzle,280.0,87.0,5.0,75.0
1004,1005,2019-03-18 10:53:37,Clouds,broken clouds,280.0,93.0,5.0,75.0
1005,1006,2019-03-18 11:22:56,Clouds,broken clouds,281.0,87.0,7.0,75.0
1006,1007,2019-03-18 11:53:42,Drizzle,light intensity drizzle,282.0,87.0,8.0,75.0
1007,1008,2019-03-18 12:23:35,Drizzle,light intensity drizzle rain,282.0,87.0,6.0,75.0
1008,1009,2019-03-18 12:53:38,Clouds,broken clouds,282.0,81.0,7.0,75.0
1009,1010,2019-03-18 13:23:39,Clouds,broken clouds,282.0,87.0,7.0,75.0
1010,1011,2019-03-18 13:53:36,Clouds,broken clouds,282.0,76.0,8.0,75.0
1011,1012,2019-03-18 14:23:37,Clouds,broken clouds,283.0,81.0,7.0,75.0
1012,1013,2019-03-18 14:53:41,Clouds,broken clouds,283.0,81.0,8.0,75.0
1013,1014,2019-03-18 15:23:40,Clouds,broken clouds,283.0,76.0,8.0,75.0
1014,1015,2019-03-18 15:53:37,Clouds,broken clouds,283.0,76.0,8.0,75.0
1015,1016,2019-03-18 16:23:34,Drizzle,light intensity drizzle,283.0,81.0,7.0,75.0
1016,1017,2019-03-18 16:53:50,Clouds,broken clouds,283.0,81.0,6.0,75.0
1017,1018,2019-03-18 17:23:54,Clouds,broken clouds,282.0,81.0,6.0,75.0
1018,1019,2019-03-18 17:58:44,Clouds,broken clouds,282.0,81.0,7.0,75.0
1019,1020,2019-03-18 18:23:46,Clouds,broken clouds,282.0,81.0,7.0,75.0
1020,1021,2019-03-18 18:53:40,Clouds,broken clouds,282.0,87.0,6.0,75.0
1021,1022,2019-03-18 19:23:48,Drizzle,drizzle,281.0,87.0,5.0,75.0
1022,1023,2019-03-18 19:53:34,Drizzle,drizzle,281.0,87.0,4.0,75.0
1023,1024,2019-03-18 20:23:50,Drizzle,drizzle,281.0,87.0,4.0,75.0
1024,1025,2019-03-18 20:53:46,Clouds,broken clouds,281.0,87.0,4.0,75.0
1025,1026,2019-03-18 21:23:34,Drizzle,light intensity drizzle,281.0,87.0,4.0,75.0
1026,1027,2019-03-18 21:53:37,Drizzle,light intensity drizzle,281.0,87.0,4.0,75.0
1027,1028,2019-03-18 22:23:37,Drizzle,light intensity drizzle,281.0,93.0,4.0,75.0
1028,1029,2019-03-18 22:53:44,Rain,light rain,281.0,93.0,5.0,75.0
1029,1030,2019-03-18 23:23:49,Rain,light rain,281.0,99.99,5.0,75.0
1030,1031,2019-03-18 23:58:41,Drizzle,light intensity drizzle,281.0,99.99,5.0,75.0
1031,1032,2019-03-19 00:23:54,Drizzle,light intensity drizzle,281.0,93.0,4.0,75.0
1032,1033,2019-03-19 00:53:58,Drizzle,light intensity drizzle,281.0,93.0,5.0,75.0
1033,1034,2019-03-19 01:23:35,Clouds,broken clouds,280.0,99.99,4.0,75.0
1034,1035,2019-03-19 01:53:47,Clouds,scattered clouds,280.0,93.0,4.0,40.0
1035,1036,2019-03-19 02:23:46,Clouds,broken clouds,280.0,99.99,2.0,75.0
1036,1037,2019-03-19 02:53:34,Clouds,broken clouds,280.0,93.0,3.0,75.0
1037,1038,2019-03-19 03:23:54,Clouds,broken clouds,280.0,87.0,3.0,75.0
1038,1039,2019-03-19 03:53:51,Clouds,broken clouds,280.0,87.0,3.0,75.0
1039,1040,2019-03-19 04:23:44,Clouds,broken clouds,279.0,93.0,4.0,75.0
1040,1041,2019-03-19 04:58:39,Clouds,broken clouds,279.0,87.0,5.0,75.0
1041,1042,2019-03-19 05:23:42,Clouds,broken clouds,279.0,87.0,4.0,75.0
1042,1043,2019-03-19 05:53:41,Clouds,broken clouds,279.0,93.0,2.0,75.0
1043,1044,2019-03-19 06:23:34,Drizzle,light intensity drizzle rain,279.0,87.0,3.0,75.0
1044,1045,2019-03-19 06:53:46,Drizzle,light intensity drizzle rain,280.0,87.0,3.0,75.0
1045,1046,2019-03-19 07:23:39,Drizzle,light intensity drizzle rain,279.0,87.0,3.0,75.0
1046,1047,2019-03-19 07:53:34,Drizzle,light intensity drizzle rain,279.0,93.0,3.0,75.0
1047,1048,2019-03-19 08:23:42,Rain,light rain,280.0,93.0,4.0,75.0
1048,1049,2019-03-19 08:53:47,Drizzle,light intensity drizzle,280.0,93.0,3.0,75.0
1049,1050,2019-03-19 09:23:44,Drizzle,light intensity drizzle,281.0,93.0,2.0,75.0
1050,1051,2019-03-19 09:53:44,Drizzle,light intensity drizzle,281.0,93.0,2.0,75.0
1051,1052,2019-03-19 10:23:43,Drizzle,light intensity drizzle,282.0,93.0,2.0,75.0
1052,1053,2019-03-19 10:53:46,Clouds,broken clouds,282.0,99.99,3.0,75.0
1053,1054,2019-03-19 11:23:49,Clouds,broken clouds,283.0,93.0,4.0,75.0
1054,1055,2019-03-19 11:53:37,Clouds,broken clouds,284.0,87.0,5.0,75.0
1055,1056,2019-03-19 12:23:42,Clouds,broken clouds,285.0,87.0,5.0,75.0
1056,1057,2019-03-19 12:53:40,Clouds,broken clouds,285.0,81.0,5.0,75.0
1057,1058,2019-03-19 13:28:50,Clouds,broken clouds,285.0,81.0,6.0,75.0
1058,1059,2019-03-19 13:53:36,Drizzle,light intensity drizzle,285.0,87.0,7.0,75.0
1059,1060,2019-03-19 14:23:51,Clouds,broken clouds,285.0,87.0,5.0,75.0
1060,1061,2019-03-19 14:53:50,Clouds,broken clouds,285.0,81.0,5.0,75.0
1061,1062,2019-03-19 15:23:46,Clouds,broken clouds,285.0,81.0,5.0,75.0
1062,1063,2019-03-19 15:53:37,Clouds,broken clouds,286.0,81.0,5.0,75.0
1063,1064,2019-03-19 16:23:35,Clouds,broken clouds,286.0,81.0,5.0,75.0
1064,1065,2019-03-19 16:47:07,Clouds,broken clouds,285.0,76.0,3.0,75.0
1065,1066,2019-03-19 17:23:42,Clouds,scattered clouds,286.0,71.0,3.0,40.0
1066,1067,2019-03-19 17:58:42,Clouds,scattered clouds,286.0,71.0,3.0,40.0
1067,1068,2019-03-19 18:23:48,Clouds,few clouds,285.0,71.0,3.0,20.0
1068,1069,2019-03-19 18:53:40,Clouds,few clouds,284.0,76.0,4.0,20.0
1069,1070,2019-03-19 19:23:41,Clouds,few clouds,283.0,81.0,6.0,20.0
1070,1071,2019-03-19 19:53:47,Clouds,few clouds,283.0,87.0,5.0,20.0
1071,1072,2019-03-19 20:23:56,Clouds,few clouds,283.0,81.0,5.0,20.0
1072,1073,2019-03-19 20:53:36,Clouds,few clouds,283.0,87.0,4.0,20.0
1073,1074,2019-03-19 21:23:51,Clouds,few clouds,283.0,81.0,3.0,20.0
1074,1075,2019-03-19 21:53:34,Clouds,broken clouds,283.0,81.0,4.0,75.0
1075,1076,2019-03-19 22:23:46,Clouds,broken clouds,283.0,81.0,4.0,75.0
1076,1077,2019-03-19 22:53:55,Clouds,broken clouds,283.0,81.0,3.0,75.0
1077,1078,2019-03-19 23:23:41,Clouds,broken clouds,283.0,87.0,3.0,75.0
1078,1079,2019-03-19 23:53:54,Clouds,broken clouds,283.0,87.0,4.0,75.0
1079,1080,2019-03-20 00:23:41,Clouds,broken clouds,282.0,87.0,4.0,75.0
1080,1081,2019-03-20 00:53:54,Clouds,overcast clouds,282.0,87.0,4.0,90.0
1081,1082,2019-03-20 01:23:33,Clouds,broken clouds,281.0,93.0,5.0,75.0
1082,1083,2019-03-20 01:53:39,Clouds,overcast clouds,281.0,93.0,4.0,90.0
1083,1084,2019-03-20 02:23:35,Clouds,overcast clouds,281.0,93.0,4.0,90.0
1084,1085,2019-03-20 02:53:50,Clouds,overcast clouds,281.0,93.0,3.0,90.0
1085,1086,2019-03-20 03:23:39,Clouds,overcast clouds,281.0,93.0,4.0,90.0
1086,1087,2019-03-20 03:53:45,Clouds,overcast clouds,281.0,93.0,4.0,90.0
1087,1088,2019-03-20 04:23:35,Clouds,overcast clouds,281.0,93.0,4.0,90.0
1088,1089,2019-03-20 04:53:56,Clouds,overcast clouds,281.0,93.0,4.0,90.0
1089,1090,2019-03-20 05:23:37,Clouds,overcast clouds,281.0,99.99,3.0,90.0
1090,1091,2019-03-20 05:53:43,Clouds,overcast clouds,281.0,99.99,3.0,90.0
1091,1092,2019-03-20 06:23:53,Clouds,broken clouds,281.0,99.99,3.0,75.0
1092,1093,2019-03-20 06:53:47,Clouds,broken clouds,280.0,99.99,3.0,75.0
1093,1094,2019-03-20 07:23:49,Clouds,broken clouds,281.0,93.0,2.0,75.0
1094,1095,2019-03-20 07:53:53,Clouds,broken clouds,281.0,93.0,1.0,75.0
1095,1096,2019-03-20 08:23:45,Clouds,broken clouds,282.0,93.0,1.0,75.0
1096,1097,2019-03-20 08:58:44,Clouds,broken clouds,283.0,93.0,1.0,75.0
1097,1098,2019-03-20 09:23:50,Clouds,broken clouds,284.0,81.0,2.0,75.0
1098,1099,2019-03-20 09:53:53,Clouds,broken clouds,285.0,81.0,3.0,75.0
1099,1100,2019-03-20 10:23:39,Clouds,broken clouds,285.0,81.0,3.0,75.0
1100,1101,2019-03-20 10:53:49,Clouds,broken clouds,287.0,76.0,3.0,75.0
1101,1102,2019-03-20 11:23:48,Clouds,scattered clouds,288.0,71.0,4.0,40.0
1102,1103,2019-03-20 11:53:39,Clouds,scattered clouds,288.0,72.0,4.0,40.0
1103,1104,2019-03-20 12:23:44,Clouds,scattered clouds,288.0,72.0,4.0,40.0
1104,1105,2019-03-20 12:53:38,Clouds,scattered clouds,289.0,72.0,4.0,40.0
1105,1106,2019-03-20 13:23:40,Clouds,scattered clouds,289.0,67.0,4.0,40.0
1106,1107,2019-03-20 13:53:48,Clouds,scattered clouds,289.0,67.0,4.0,40.0
1107,1108,2019-03-20 14:23:40,Clouds,broken clouds,288.0,72.0,5.0,75.0
1108,1109,2019-03-20 14:53:48,Clouds,broken clouds,288.0,72.0,4.0,75.0
1109,1110,2019-03-20 15:23:40,Clouds,broken clouds,288.0,72.0,5.0,75.0
1110,1111,2019-03-20 15:53:45,Clouds,broken clouds,288.0,72.0,4.0,75.0
1111,1112,2019-03-20 16:23:53,Clouds,scattered clouds,288.0,72.0,4.0,40.0
1112,1113,2019-03-20 16:53:51,Clouds,scattered clouds,288.0,72.0,4.0,40.0
1113,1114,2019-03-20 17:23:44,Rain,light intensity shower rain,287.0,77.0,3.0,75.0
1114,1115,2019-03-20 17:53:46,Rain,light intensity shower rain,287.0,77.0,3.0,75.0
1115,1116,2019-03-20 18:23:38,Rain,light intensity shower rain,286.0,82.0,3.0,75.0
1116,1117,2019-03-20 18:53:53,Rain,light intensity shower rain,286.0,93.0,3.0,75.0
1117,1118,2019-03-20 19:23:55,Clouds,broken clouds,286.0,93.0,3.0,75.0
1118,1119,2019-03-20 19:53:44,Clouds,broken clouds,286.0,93.0,3.0,75.0
1119,1120,2019-03-20 20:23:49,Clouds,broken clouds,285.0,93.0,3.0,75.0
1120,1121,2019-03-20 20:53:52,Clouds,broken clouds,286.0,87.0,3.0,75.0
1121,1122,2019-03-20 21:23:49,Rain,light intensity shower rain,285.0,87.0,2.0,75.0
1122,1123,2019-03-20 21:53:59,Rain,light intensity shower rain,285.0,87.0,2.0,75.0
1123,1124,2019-03-20 22:23:48,Drizzle,light intensity drizzle rain,285.0,87.0,5.0,75.0
1124,1125,2019-03-20 22:53:47,Clouds,broken clouds,285.0,81.0,4.0,75.0
1125,1126,2019-03-20 23:28:48,Clouds,broken clouds,284.0,87.0,3.0,75.0
1126,1127,2019-03-20 23:53:35,Clouds,broken clouds,284.0,76.0,3.0,75.0
1127,1128,2019-03-21 00:23:48,Clouds,broken clouds,284.0,76.0,3.0,75.0
1128,1129,2019-03-21 00:53:40,Clouds,broken clouds,284.0,76.0,3.0,75.0
1129,1130,2019-03-21 01:23:38,Clouds,broken clouds,284.0,76.0,4.0,75.0
1130,1131,2019-03-21 01:53:34,Clouds,broken clouds,284.0,81.0,3.0,75.0
1131,1132,2019-03-21 02:28:49,Clouds,broken clouds,284.0,76.0,3.0,75.0
1132,1133,2019-03-21 02:53:48,Clouds,broken clouds,284.0,81.0,3.0,75.0
1133,1134,2019-03-21 03:23:40,Clouds,broken clouds,284.0,81.0,4.0,75.0
1134,1135,2019-03-21 03:53:49,Clouds,broken clouds,284.0,81.0,4.0,75.0
1135,1136,2019-03-21 04:23:43,Drizzle,light intensity drizzle rain,283.0,81.0,4.0,75.0
1136,1137,2019-03-21 04:53:54,Clouds,broken clouds,283.0,81.0,3.0,75.0
1137,1138,2019-03-21 05:23:50,Drizzle,light intensity drizzle rain,283.0,81.0,3.0,75.0
1138,1139,2019-03-21 05:53:48,Clouds,broken clouds,283.0,87.0,3.0,75.0
1139,1140,2019-03-21 06:23:48,Clouds,broken clouds,283.0,87.0,3.0,75.0
1140,1141,2019-03-21 06:53:35,Clouds,broken clouds,283.0,81.0,5.0,75.0
1141,1142,2019-03-21 07:23:42,Drizzle,light intensity drizzle rain,283.0,81.0,3.0,75.0
1142,1143,2019-03-21 07:53:40,Drizzle,light intensity drizzle rain,283.0,87.0,3.0,75.0
1143,1144,2019-03-21 08:23:38,Clouds,broken clouds,283.0,81.0,3.0,75.0
1144,1145,2019-03-21 08:53:54,Clouds,broken clouds,284.0,81.0,3.0,75.0
1145,1146,2019-03-21 09:23:46,Clouds,broken clouds,284.0,81.0,3.0,75.0
1146,1147,2019-03-21 09:53:48,Rain,light rain,284.0,81.0,3.0,75.0
1147,1148,2019-03-21 10:28:46,Rain,light rain,284.0,81.0,3.0,75.0
1148,1149,2019-03-21 10:53:41,Drizzle,light intensity drizzle,285.0,71.0,3.0,75.0
1149,1150,2019-03-21 11:28:41,Clouds,broken clouds,285.0,76.0,3.0,75.0
1150,1151,2019-03-21 11:53:33,Clouds,broken clouds,285.0,76.0,3.0,75.0
1151,1152,2019-03-21 12:23:48,Clouds,broken clouds,286.0,76.0,3.0,75.0
1152,1153,2019-03-21 12:53:45,Clouds,broken clouds,286.0,76.0,3.0,75.0
1153,1154,2019-03-21 13:23:44,Clouds,broken clouds,286.0,71.0,3.0,75.0
1154,1155,2019-03-21 13:53:41,Clouds,broken clouds,286.0,71.0,2.0,75.0
1155,1156,2019-03-21 14:23:56,Clouds,broken clouds,286.0,71.0,3.0,75.0
1156,1157,2019-03-21 14:53:48,Clouds,broken clouds,286.0,76.0,3.0,75.0
1157,1158,2019-03-21 15:23:41,Clouds,broken clouds,286.0,71.0,3.0,75.0
1158,1159,2019-03-21 15:53:51,Clouds,broken clouds,286.0,71.0,3.0,75.0
1159,1160,2019-03-21 16:23:36,Clouds,broken clouds,286.0,76.0,3.0,75.0
1160,1161,2019-03-21 16:53:42,Clouds,broken clouds,286.0,76.0,3.0,75.0
1161,1162,2019-03-21 17:23:53,Clouds,broken clouds,285.0,76.0,1.0,75.0
1162,1163,2019-03-21 17:53:52,Clouds,broken clouds,285.0,76.0,2.0,75.0
1163,1164,2019-03-21 18:23:35,Clouds,broken clouds,285.0,81.0,2.0,75.0
1164,1165,2019-03-21 18:53:37,Clouds,broken clouds,284.0,87.0,2.0,75.0
1165,1166,2019-03-21 19:23:39,Clouds,scattered clouds,284.0,81.0,1.0,40.0
1166,1167,2019-03-21 19:53:38,Clouds,scattered clouds,283.0,81.0,2.0,40.0
1167,1168,2019-03-21 20:23:45,Clouds,few clouds,282.0,87.0,3.0,20.0
1168,1169,2019-03-21 20:53:40,Clouds,scattered clouds,283.0,87.0,4.0,40.0
1169,1170,2019-03-21 21:23:41,Clouds,broken clouds,282.0,81.0,4.0,75.0
1170,1171,2019-03-21 21:53:37,Clouds,broken clouds,282.0,81.0,4.0,75.0
1171,1172,2019-03-21 22:23:45,Clouds,broken clouds,282.0,81.0,4.0,75.0
1172,1173,2019-03-21 22:53:54,Clouds,scattered clouds,283.0,81.0,5.0,40.0
1173,1174,2019-03-21 23:23:58,Clouds,scattered clouds,282.0,81.0,6.0,40.0
1174,1175,2019-03-21 23:53:37,Clouds,broken clouds,283.0,76.0,4.0,75.0
1175,1176,2019-03-22 00:23:52,Clouds,broken clouds,283.0,76.0,2.0,75.0
1176,1177,2019-03-22 00:53:48,Clouds,broken clouds,282.0,76.0,4.0,75.0
1177,1178,2019-03-22 01:28:37,Clouds,broken clouds,283.0,76.0,3.0,75.0
1178,1179,2019-03-22 01:53:39,Clouds,broken clouds,283.0,76.0,6.0,75.0
1179,1180,2019-03-22 02:23:35,Clouds,broken clouds,283.0,76.0,9.0,75.0
1180,1181,2019-03-22 02:58:40,Clouds,broken clouds,283.0,76.0,6.0,75.0
1181,1182,2019-03-22 03:23:43,Clouds,broken clouds,283.0,81.0,4.0,75.0
1182,1183,2019-03-22 03:58:35,Clouds,broken clouds,283.0,81.0,5.0,75.0
1183,1184,2019-03-22 04:23:51,Clouds,broken clouds,283.0,81.0,5.0,75.0
1184,1185,2019-03-22 04:53:47,Clouds,broken clouds,283.0,76.0,4.0,75.0
1185,1186,2019-03-22 05:23:38,Clouds,broken clouds,283.0,76.0,6.0,75.0
1186,1187,2019-03-22 05:53:41,Clouds,broken clouds,283.0,76.0,7.0,75.0
1187,1188,2019-03-22 06:23:45,Clouds,broken clouds,282.0,76.0,6.0,75.0
1188,1189,2019-03-22 06:58:37,Clouds,broken clouds,282.0,71.0,6.0,75.0
1189,1190,2019-03-22 07:23:52,Clouds,broken clouds,282.0,76.0,5.0,75.0
1190,1191,2019-03-22 07:58:37,Clouds,broken clouds,282.0,76.0,3.0,75.0
1191,1192,2019-03-22 08:28:37,Clouds,broken clouds,283.0,76.0,7.0,75.0
1192,1193,2019-03-22 08:53:41,Clouds,broken clouds,283.0,76.0,6.0,75.0
1193,1194,2019-03-22 09:23:53,Clouds,broken clouds,283.0,76.0,7.0,75.0
1194,1195,2019-03-22 09:53:52,Clouds,broken clouds,283.0,76.0,8.0,75.0
1195,1196,2019-03-22 10:28:41,Clouds,broken clouds,283.0,71.0,6.0,75.0
1196,1197,2019-03-22 10:53:45,Clouds,broken clouds,283.0,71.0,6.0,75.0
1197,1198,2019-03-22 11:23:51,Clouds,broken clouds,283.0,76.0,7.0,75.0
1198,1199,2019-03-22 11:58:41,Rain,light rain,284.0,76.0,5.0,75.0
1199,1200,2019-03-22 12:23:37,Rain,light rain,283.0,81.0,5.0,75.0
1200,1201,2019-03-22 12:53:53,Rain,light rain,284.0,81.0,6.0,75.0
1201,1202,2019-03-22 13:23:39,Rain,light rain,283.0,81.0,6.0,75.0
1202,1203,2019-03-22 13:58:45,Rain,light rain,283.0,87.0,5.0,75.0
1203,1204,2019-03-22 14:23:40,Rain,light rain,282.0,93.0,6.0,75.0
1204,1205,2019-03-22 14:53:56,Rain,light rain,282.0,87.0,6.0,75.0
1205,1206,2019-03-22 15:23:42,Rain,light rain,282.0,81.0,3.0,75.0
1206,1207,2019-03-22 15:58:46,Rain,light rain,282.0,81.0,5.0,75.0
1207,1208,2019-03-22 16:23:38,Clouds,broken clouds,282.0,81.0,5.0,75.0
1208,1209,2019-03-22 16:58:34,Clouds,broken clouds,282.0,76.0,3.0,75.0
1209,1210,2019-03-22 17:23:36,Clouds,broken clouds,282.0,71.0,3.0,75.0
1210,1211,2019-03-22 17:53:50,Clouds,broken clouds,282.0,61.0,8.0,75.0
1211,1212,2019-03-22 18:28:32,Clouds,broken clouds,281.0,61.0,6.0,75.0
1212,1213,2019-03-22 18:53:37,Clouds,broken clouds,281.0,61.0,6.0,75.0
1213,1214,2019-03-22 19:23:54,Clouds,broken clouds,280.0,61.0,6.0,75.0
1214,1215,2019-03-22 19:53:34,Clouds,broken clouds,280.0,65.0,5.0,75.0
1215,1216,2019-03-22 20:23:46,Clouds,broken clouds,279.0,70.0,6.0,75.0
1216,1217,2019-03-22 20:53:39,Clouds,broken clouds,279.0,70.0,5.0,75.0
1217,1218,2019-03-22 21:23:50,Clouds,broken clouds,278.0,70.0,4.0,75.0
1218,1219,2019-03-22 21:53:38,Clouds,broken clouds,278.0,75.0,4.0,75.0
1219,1220,2019-03-22 22:23:58,Clouds,broken clouds,278.0,75.0,4.0,75.0
1220,1221,2019-03-22 22:53:36,Clouds,broken clouds,278.0,70.0,4.0,75.0
1221,1222,2019-03-22 23:23:38,Clouds,broken clouds,278.0,70.0,5.0,75.0
1222,1223,2019-03-22 23:53:49,Clouds,broken clouds,278.0,75.0,5.0,75.0
1223,1224,2019-03-23 00:23:53,Clouds,broken clouds,278.0,80.0,5.0,75.0
1224,1225,2019-03-23 00:53:35,Clouds,broken clouds,278.0,80.0,5.0,75.0
1225,1226,2019-03-23 01:23:49,Clouds,broken clouds,277.0,80.0,4.0,75.0
1226,1227,2019-03-23 01:53:49,Clouds,broken clouds,277.0,80.0,4.0,75.0
1227,1228,2019-03-23 02:23:39,Clouds,broken clouds,277.0,75.0,4.0,75.0
1228,1229,2019-03-23 02:53:48,Clouds,broken clouds,277.0,80.0,4.0,75.0
1229,1230,2019-03-23 03:23:33,Clouds,broken clouds,276.0,80.0,3.0,75.0
1230,1231,2019-03-23 03:53:43,Clouds,broken clouds,276.0,80.0,3.0,75.0
1231,1232,2019-03-23 04:23:46,Clouds,broken clouds,276.0,80.0,3.0,75.0
1232,1233,2019-03-23 04:53:51,Clouds,broken clouds,276.0,80.0,3.0,75.0
1233,1234,2019-03-23 05:23:39,Clouds,broken clouds,275.0,86.0,3.0,75.0
1234,1235,2019-03-23 05:53:51,Clouds,broken clouds,275.0,99.99,2.0,75.0
1235,1236,2019-03-23 06:23:53,Clouds,broken clouds,275.0,99.99,2.0,75.0
1236,1237,2019-03-23 06:53:48,Clouds,broken clouds,275.0,99.99,2.0,75.0
1237,1238,2019-03-23 07:23:34,Clear,clear sky,275.0,86.0,2.0,0.0
1238,1239,2019-03-23 07:53:36,Clear,clear sky,275.0,86.0,2.0,0.0
1239,1240,2019-03-23 08:23:43,Clear,clear sky,276.0,86.0,2.0,0.0
1240,1241,2019-03-23 08:53:33,Clear,clear sky,276.0,80.0,3.0,0.0
1241,1242,2019-03-23 09:23:52,Clear,clear sky,278.0,75.0,3.0,0.0
1242,1243,2019-03-23 09:58:36,Clear,clear sky,279.0,75.0,3.0,0.0
1243,1244,2019-03-23 10:23:45,Clear,clear sky,279.0,75.0,3.0,0.0
1244,1245,2019-03-23 10:58:47,Clouds,broken clouds,280.0,70.0,3.0,75.0
1245,1246,2019-03-23 11:23:43,Clouds,broken clouds,280.0,70.0,3.0,75.0
1246,1247,2019-03-23 11:53:41,Clouds,broken clouds,280.0,65.0,3.0,75.0
1247,1248,2019-03-23 12:23:40,Clouds,broken clouds,281.0,99.99,2.0,75.0
1248,1249,2019-03-23 12:53:42,Clouds,broken clouds,282.0,61.0,3.0,75.0
1249,1250,2019-03-23 13:23:49,Clouds,broken clouds,282.0,57.0,2.0,75.0
1250,1251,2019-03-23 13:58:46,Clouds,broken clouds,282.0,52.0,3.0,75.0
1251,1252,2019-03-23 14:23:49,Clouds,broken clouds,282.0,49.0,1.0,75.0
1252,1253,2019-03-23 14:53:53,Clouds,broken clouds,281.0,49.0,1.0,75.0
1253,1254,2019-03-23 15:23:44,Clouds,broken clouds,281.0,57.0,1.0,75.0
1254,1255,2019-03-23 15:53:45,Clouds,broken clouds,281.0,57.0,1.0,75.0
1255,1256,2019-03-23 16:23:49,Clouds,broken clouds,281.0,95.0,2.0,75.0
1256,1257,2019-03-23 16:58:54,Clouds,broken clouds,281.0,49.0,2.0,75.0
1257,1258,2019-03-23 17:23:36,Clouds,broken clouds,281.0,96.0,2.0,75.0
1258,1259,2019-03-23 17:53:33,Clouds,broken clouds,280.0,61.0,2.0,75.0
1259,1260,2019-03-23 18:28:47,Clouds,broken clouds,280.0,65.0,3.0,75.0
1260,1261,2019-03-23 18:53:46,Clouds,broken clouds,280.0,65.0,2.0,75.0
1261,1262,2019-03-23 19:23:40,Clouds,broken clouds,279.0,65.0,2.0,75.0
1262,1263,2019-03-23 19:53:33,Clear,clear sky,279.0,65.0,2.0,0.0
1263,1264,2019-03-23 20:23:59,Clear,clear sky,278.0,70.0,2.0,0.0
1264,1265,2019-03-23 20:53:36,Clouds,broken clouds,279.0,70.0,2.0,75.0
1265,1266,2019-03-23 21:28:34,Clouds,broken clouds,278.0,70.0,1.0,75.0
1266,1267,2019-03-23 21:58:38,Clouds,broken clouds,278.0,70.0,1.0,75.0
1267,1268,2019-03-23 22:23:33,Clouds,broken clouds,278.0,70.0,1.0,75.0
1268,1269,2019-03-23 22:53:34,Clouds,broken clouds,277.0,75.0,1.0,75.0
1269,1270,2019-03-23 23:23:43,Clouds,broken clouds,277.0,70.0,1.0,75.0
1270,1271,2019-03-23 23:53:39,Clouds,broken clouds,276.0,99.99,1.0,75.0
1271,1272,2019-03-24 00:28:37,Clouds,broken clouds,277.0,99.99,2.0,75.0
1272,1273,2019-03-24 00:53:48,Clouds,broken clouds,277.0,70.0,3.0,75.0
1273,1274,2019-03-24 01:23:40,Clouds,broken clouds,277.0,75.0,2.0,75.0
1274,1275,2019-03-24 01:53:35,Clouds,broken clouds,277.0,75.0,2.0,75.0
1275,1276,2019-03-24 02:23:42,Clouds,broken clouds,277.0,75.0,2.0,75.0
1276,1277,2019-03-24 02:53:34,Clouds,broken clouds,277.0,75.0,2.0,75.0
1277,1278,2019-03-24 03:28:34,Clouds,broken clouds,276.0,80.0,2.0,75.0
1278,1279,2019-03-24 03:54:58,Clouds,broken clouds,275.0,80.0,2.0,75.0
1279,1280,2019-03-24 04:23:42,Clouds,scattered clouds,275.0,86.0,2.0,40.0
1280,1281,2019-03-24 04:58:48,Clouds,scattered clouds,275.0,86.0,2.0,40.0
1281,1282,2019-03-24 05:23:49,Clouds,few clouds,275.0,86.0,3.0,20.0
1282,1283,2019-03-24 05:58:52,Clouds,few clouds,275.0,99.99,4.0,20.0
1283,1284,2019-03-24 06:23:56,Clouds,few clouds,275.0,99.99,3.0,20.0
1284,1285,2019-03-24 06:58:57,Clouds,few clouds,275.0,99.99,4.0,20.0
1285,1286,2019-03-24 07:23:42,Clouds,few clouds,276.0,99.99,4.0,20.0
1286,1287,2019-03-24 07:53:55,Clouds,few clouds,277.0,86.0,4.0,20.0
1287,1288,2019-03-24 08:23:49,Clouds,few clouds,277.0,80.0,4.0,20.0
1288,1289,2019-03-24 08:53:42,Clouds,few clouds,278.0,75.0,5.0,20.0
1289,1290,2019-03-24 09:28:42,Clouds,few clouds,279.0,75.0,5.0,20.0
1290,1291,2019-03-24 09:53:35,Clouds,few clouds,280.0,75.0,5.0,20.0
1291,1292,2019-03-24 10:23:53,Clouds,few clouds,280.0,70.0,7.0,20.0
1292,1293,2019-03-24 10:58:46,Clouds,few clouds,281.0,70.0,8.0,20.0
1293,1294,2019-03-24 11:23:33,Clouds,few clouds,282.0,70.0,8.0,20.0
1294,1295,2019-03-24 11:53:34,Clouds,few clouds,282.0,66.0,8.0,20.0
1295,1296,2019-03-24 12:23:46,Clouds,few clouds,283.0,61.0,9.0,20.0
1296,1297,2019-03-24 12:58:34,Clouds,few clouds,283.0,61.0,9.0,20.0
1297,1298,2019-03-24 13:23:37,Clouds,scattered clouds,283.0,61.0,10.0,40.0
1298,1299,2019-03-24 13:53:41,Clouds,broken clouds,283.0,66.0,10.0,75.0
1299,1300,2019-03-24 14:24:00,Clouds,broken clouds,282.0,66.0,9.0,75.0
1300,1301,2019-03-24 14:53:56,Clouds,broken clouds,283.0,66.0,10.0,75.0
1301,1302,2019-03-24 15:23:42,Clouds,broken clouds,283.0,66.0,11.0,75.0
1302,1303,2019-03-24 15:58:35,Rain,shower rain,283.0,66.0,11.0,75.0
1303,1304,2019-03-24 16:23:40,Rain,shower rain,283.0,66.0,11.0,75.0
1304,1305,2019-03-24 16:53:40,Rain,shower rain,283.0,66.0,12.0,75.0
1305,1306,2019-03-24 17:23:36,Clouds,broken clouds,282.0,66.0,9.0,75.0
1306,1307,2019-03-24 17:53:43,Rain,shower rain,282.0,61.0,9.0,75.0
1307,1308,2019-03-24 18:23:38,Clouds,broken clouds,282.0,66.0,9.0,75.0
1308,1309,2019-03-24 18:53:52,Clouds,broken clouds,281.0,70.0,7.0,75.0
1309,1310,2019-03-24 19:23:33,Clouds,broken clouds,281.0,66.0,7.0,75.0
1310,1311,2019-03-24 19:53:49,Clouds,broken clouds,281.0,66.0,8.0,75.0
1311,1312,2019-03-24 20:23:47,Clouds,broken clouds,281.0,65.0,7.0,75.0
1312,1313,2019-03-24 20:53:45,Clouds,broken clouds,281.0,65.0,7.0,75.0
1313,1314,2019-03-24 21:23:52,Clouds,scattered clouds,281.0,65.0,7.0,40.0
1314,1315,2019-03-24 21:53:35,Clouds,scattered clouds,280.0,65.0,7.0,40.0
1315,1316,2019-03-24 22:28:47,Clouds,scattered clouds,280.0,70.0,7.0,40.0
1316,1317,2019-03-24 22:53:56,Clouds,scattered clouds,280.0,70.0,7.0,40.0
1317,1318,2019-03-24 23:23:35,Clouds,scattered clouds,280.0,70.0,7.0,40.0
1318,1319,2019-03-24 23:53:52,Clouds,scattered clouds,279.0,75.0,6.0,40.0
1319,1320,2019-03-25 00:28:37,Clouds,broken clouds,279.0,75.0,7.0,75.0
1320,1321,2019-03-25 00:53:51,Clouds,broken clouds,279.0,75.0,7.0,75.0
1321,1322,2019-03-25 01:23:40,Clouds,scattered clouds,279.0,81.0,6.0,40.0
1322,1323,2019-03-25 01:53:38,Clouds,few clouds,279.0,81.0,5.0,20.0
1323,1324,2019-03-25 02:23:34,Clouds,scattered clouds,278.0,86.0,3.0,40.0
1324,1325,2019-03-25 02:53:35,Clouds,scattered clouds,278.0,86.0,4.0,40.0
1325,1326,2019-03-25 03:23:39,Clouds,scattered clouds,278.0,86.0,3.0,40.0
1326,1327,2019-03-25 03:53:41,Clouds,few clouds,278.0,93.0,4.0,20.0
1327,1328,2019-03-25 04:28:51,Clouds,few clouds,278.0,93.0,4.0,20.0
1328,1329,2019-03-25 04:53:46,Clouds,broken clouds,278.0,86.0,4.0,75.0
1329,1330,2019-03-25 05:23:46,Clouds,broken clouds,278.0,86.0,6.0,75.0
1330,1331,2019-03-25 05:53:35,Clouds,scattered clouds,278.0,93.0,5.0,40.0
1331,1332,2019-03-25 06:28:39,Clouds,scattered clouds,277.0,93.0,3.0,40.0
1332,1333,2019-03-25 06:53:37,Clouds,scattered clouds,278.0,93.0,3.0,40.0
1333,1334,2019-03-25 07:28:45,Clouds,broken clouds,278.0,93.0,5.0,75.0
1334,1335,2019-03-25 07:53:45,Clouds,broken clouds,279.0,87.0,4.0,75.0
1335,1336,2019-03-25 08:23:47,Clouds,broken clouds,280.0,93.0,5.0,75.0
1336,1337,2019-03-25 08:53:38,Clouds,scattered clouds,281.0,81.0,5.0,40.0
1337,1338,2019-03-25 09:23:42,Clouds,scattered clouds,281.0,70.0,4.0,40.0
1338,1339,2019-03-25 09:53:49,Clouds,scattered clouds,282.0,76.0,4.0,40.0
1339,1340,2019-03-25 10:23:45,Clouds,scattered clouds,282.0,76.0,4.0,40.0
1340,1341,2019-03-25 10:53:38,Clouds,scattered clouds,282.0,70.0,4.0,40.0
1341,1342,2019-03-25 11:23:45,Clouds,scattered clouds,282.0,70.0,3.0,40.0
1342,1343,2019-03-25 11:58:33,Clouds,scattered clouds,283.0,66.0,4.0,40.0
1343,1344,2019-03-25 12:23:43,Clouds,scattered clouds,283.0,66.0,4.0,40.0
1344,1345,2019-03-25 12:53:46,Clouds,scattered clouds,283.0,66.0,4.0,40.0
1345,1346,2019-03-25 13:23:48,Clouds,scattered clouds,283.0,62.0,3.0,40.0
1346,1347,2019-03-25 13:53:42,Clouds,scattered clouds,283.0,62.0,3.0,40.0
1347,1348,2019-03-25 14:28:41,Clouds,scattered clouds,284.0,58.0,3.0,40.0
1348,1349,2019-03-25 14:58:36,Clouds,scattered clouds,283.0,62.0,4.0,40.0
1349,1350,2019-03-25 15:23:46,Clouds,broken clouds,284.0,62.0,4.0,75.0
1350,1351,2019-03-25 15:53:40,Clouds,broken clouds,283.0,62.0,4.0,75.0
1351,1352,2019-03-25 16:23:37,Clouds,broken clouds,283.0,66.0,4.0,75.0
1352,1353,2019-03-25 16:53:43,Clouds,broken clouds,283.0,66.0,4.0,75.0
1353,1354,2019-03-25 17:23:51,Clouds,broken clouds,283.0,66.0,3.0,75.0
1354,1355,2019-03-25 17:53:52,Clouds,broken clouds,282.0,66.0,4.0,75.0
1355,1356,2019-03-25 18:23:46,Clouds,broken clouds,283.0,71.0,3.0,75.0
1356,1357,2019-03-25 18:53:39,Clouds,broken clouds,282.0,76.0,3.0,75.0
1357,1358,2019-03-25 19:23:40,Clouds,broken clouds,281.0,76.0,2.0,75.0
1358,1359,2019-03-25 19:58:44,Clouds,broken clouds,281.0,81.0,2.0,75.0
1359,1360,2019-03-25 20:28:45,Clouds,broken clouds,282.0,76.0,2.0,75.0
1360,1361,2019-03-25 20:53:42,Clouds,broken clouds,282.0,76.0,1.0,75.0
1361,1362,2019-03-25 21:23:38,Clouds,broken clouds,281.0,81.0,1.0,75.0
1362,1363,2019-03-25 21:53:36,Clouds,broken clouds,281.0,81.0,1.0,75.0
1363,1364,2019-03-25 22:23:46,Clouds,broken clouds,280.0,75.0,1.0,75.0
1364,1365,2019-03-25 22:58:36,Clouds,broken clouds,280.0,75.0,1.0,75.0
1365,1366,2019-03-25 23:23:50,Clouds,broken clouds,279.0,81.0,1.0,75.0
1366,1367,2019-03-25 23:53:39,Clouds,broken clouds,278.0,80.0,1.0,75.0
1367,1368,2019-03-26 00:28:37,Clouds,broken clouds,278.0,75.0,1.0,75.0
1368,1369,2019-03-26 00:53:44,Clouds,broken clouds,277.0,80.0,1.0,75.0
1369,1370,2019-03-26 01:23:41,Clouds,broken clouds,277.0,80.0,2.0,75.0
1370,1371,2019-03-26 01:53:39,Clouds,scattered clouds,277.0,81.0,2.0,40.0
1371,1372,2019-03-26 02:23:45,Clouds,scattered clouds,277.0,75.0,3.0,40.0
1372,1373,2019-03-26 02:53:45,Clouds,scattered clouds,276.0,81.0,3.0,40.0
1373,1374,2019-03-26 03:28:43,Clouds,scattered clouds,276.0,81.0,2.0,40.0
1374,1375,2019-03-26 03:53:48,Clouds,scattered clouds,276.0,87.0,3.0,40.0
1375,1376,2019-03-26 04:23:50,Clouds,scattered clouds,276.0,86.0,3.0,40.0
1376,1377,2019-03-26 04:58:48,Clouds,scattered clouds,276.0,86.0,3.0,40.0
1377,1378,2019-03-26 05:23:35,Clouds,scattered clouds,276.0,86.0,3.0,40.0
1378,1379,2019-03-26 05:53:42,Clouds,scattered clouds,276.0,93.0,2.0,40.0
1379,1380,2019-03-26 06:23:39,Clouds,scattered clouds,275.0,93.0,2.0,40.0
1380,1381,2019-03-26 06:58:36,Clouds,scattered clouds,275.0,93.0,2.0,40.0
1381,1382,2019-03-26 07:23:44,Clouds,scattered clouds,276.0,93.0,2.0,40.0
1382,1383,2019-03-26 07:53:49,Clouds,scattered clouds,276.0,93.0,2.0,40.0
1383,1384,2019-03-26 08:28:51,Clouds,scattered clouds,278.0,86.0,3.0,40.0
1384,1385,2019-03-26 08:58:52,Clouds,few clouds,280.0,87.0,3.0,20.0
1385,1386,2019-03-26 09:23:46,Clouds,scattered clouds,280.0,75.0,4.0,40.0
1386,1387,2019-03-26 09:53:34,Clouds,broken clouds,281.0,75.0,5.0,75.0
1387,1388,2019-03-26 10:28:43,Clouds,scattered clouds,282.0,70.0,4.0,40.0
1388,1389,2019-03-26 10:58:41,Clouds,few clouds,282.0,70.0,5.0,20.0
1389,1390,2019-03-26 11:23:49,Clouds,few clouds,283.0,61.0,5.0,20.0
1390,1391,2019-03-26 11:53:46,Clouds,few clouds,284.0,61.0,5.0,20.0
1391,1392,2019-03-26 12:28:33,Clouds,scattered clouds,284.0,71.0,5.0,40.0
1392,1393,2019-03-26 12:53:36,Clouds,scattered clouds,284.0,62.0,5.0,40.0
1393,1394,2019-03-26 13:28:33,Clouds,scattered clouds,284.0,57.0,5.0,40.0
1394,1395,2019-03-26 13:58:39,Clouds,scattered clouds,285.0,62.0,5.0,40.0
1395,1396,2019-03-26 14:23:44,Clouds,scattered clouds,285.0,62.0,6.0,40.0
1396,1397,2019-03-26 14:53:37,Clouds,scattered clouds,285.0,58.0,6.0,40.0
1397,1398,2019-03-26 15:23:49,Clouds,broken clouds,285.0,58.0,5.0,75.0
1398,1399,2019-03-26 15:58:51,Clouds,broken clouds,286.0,58.0,5.0,75.0
1399,1400,2019-03-26 16:23:34,Clouds,broken clouds,285.0,62.0,5.0,75.0
1400,1401,2019-03-26 16:53:42,Clouds,broken clouds,285.0,66.0,4.0,75.0
1401,1402,2019-03-26 17:28:35,Clouds,scattered clouds,285.0,58.0,4.0,40.0
1402,1403,2019-03-26 17:53:54,Clouds,scattered clouds,284.0,62.0,3.0,40.0
1403,1404,2019-03-26 18:23:37,Clouds,broken clouds,283.0,66.0,3.0,75.0
1404,1405,2019-03-26 18:58:40,Clouds,few clouds,282.0,70.0,3.0,20.0
1405,1406,2019-03-26 19:23:36,Clouds,scattered clouds,281.0,75.0,3.0,40.0
1406,1407,2019-03-26 19:53:40,Clouds,broken clouds,281.0,87.0,1.0,75.0
1407,1408,2019-03-26 20:23:34,Clouds,broken clouds,279.0,81.0,1.0,75.0
1408,1409,2019-03-26 20:58:40,Clouds,few clouds,278.0,87.0,4.0,20.0
1409,1410,2019-03-26 21:23:38,Clouds,broken clouds,278.0,87.0,2.0,75.0
1410,1411,2019-03-26 21:53:34,Clouds,broken clouds,278.0,81.0,3.0,75.0
1411,1412,2019-03-26 22:28:38,Clouds,broken clouds,278.0,81.0,3.0,75.0
1412,1413,2019-03-26 22:53:41,Clouds,scattered clouds,277.0,86.0,3.0,40.0
1413,1414,2019-03-26 23:23:34,Clouds,scattered clouds,277.0,86.0,2.0,40.0
1414,1415,2019-03-26 23:58:42,Clouds,scattered clouds,277.0,86.0,2.0,40.0
1415,1416,2019-03-27 00:18:55,Clouds,scattered clouds,277.0,86.0,2.0,40.0
1416,1417,2019-03-27 00:53:48,Clouds,scattered clouds,277.0,86.0,2.0,40.0
1417,1418,2019-03-27 01:28:37,Clouds,few clouds,277.0,86.0,2.0,20.0
1418,1419,2019-03-27 01:53:51,Clouds,few clouds,277.0,86.0,2.0,20.0
1419,1420,2019-03-27 02:23:51,Clouds,few clouds,277.0,86.0,2.0,20.0
1420,1421,2019-03-27 02:58:55,Clouds,few clouds,277.0,86.0,3.0,20.0
1421,1422,2019-03-27 03:23:47,Clouds,scattered clouds,277.0,86.0,3.0,40.0
1422,1423,2019-03-27 03:53:48,Clouds,scattered clouds,277.0,86.0,3.0,40.0
1423,1424,2019-03-27 04:23:50,Clouds,broken clouds,277.0,86.0,3.0,75.0
1424,1425,2019-03-27 04:58:37,Clouds,broken clouds,277.0,86.0,3.0,75.0
1425,1426,2019-03-27 05:23:37,Clouds,broken clouds,277.0,81.0,2.0,75.0
1426,1427,2019-03-27 05:58:53,Clouds,broken clouds,277.0,81.0,2.0,75.0
1427,1428,2019-03-27 06:23:48,Clouds,broken clouds,277.0,81.0,2.0,75.0
1428,1429,2019-03-27 06:53:36,Clouds,broken clouds,277.0,81.0,2.0,75.0
1429,1430,2019-03-27 07:23:54,Clouds,broken clouds,278.0,81.0,2.0,75.0
1430,1431,2019-03-27 07:53:46,Clouds,broken clouds,278.0,81.0,2.0,75.0
1431,1432,2019-03-27 08:23:33,Clouds,broken clouds,279.0,81.0,2.0,75.0
1432,1433,2019-03-27 08:53:41,Clouds,broken clouds,280.0,81.0,2.0,75.0
1433,1434,2019-03-27 09:23:33,Clouds,broken clouds,281.0,75.0,2.0,75.0
1434,1435,2019-03-27 09:58:52,Clouds,broken clouds,281.0,75.0,3.0,75.0
1435,1436,2019-03-27 10:28:38,Clouds,broken clouds,282.0,70.0,4.0,75.0
1436,1437,2019-03-27 10:53:49,Clouds,broken clouds,283.0,66.0,4.0,75.0
1437,1438,2019-03-27 11:23:34,Clouds,broken clouds,283.0,66.0,4.0,75.0
1438,1439,2019-03-27 11:53:44,Clouds,broken clouds,284.0,66.0,3.0,75.0
1439,1440,2019-03-27 12:23:37,Clouds,scattered clouds,284.0,62.0,4.0,40.0
1440,1441,2019-03-27 12:53:51,Clouds,scattered clouds,285.0,62.0,4.0,40.0
1441,1442,2019-03-27 13:23:36,Clouds,scattered clouds,285.0,62.0,5.0,40.0
1442,1443,2019-03-27 13:58:43,Clouds,broken clouds,286.0,62.0,6.0,75.0
1443,1444,2019-03-27 14:23:46,Clouds,broken clouds,286.0,58.0,5.0,75.0
1444,1445,2019-03-27 14:58:41,Clouds,scattered clouds,286.0,58.0,4.0,40.0
1445,1446,2019-03-27 15:23:55,Clouds,scattered clouds,286.0,66.0,5.0,40.0
1446,1447,2019-03-27 15:53:48,Clouds,broken clouds,286.0,66.0,4.0,75.0
1447,1448,2019-03-27 16:23:49,Clouds,scattered clouds,286.0,62.0,4.0,40.0
1448,1449,2019-03-27 16:53:34,Clouds,scattered clouds,285.0,62.0,2.0,40.0
